2020-Jan-Mar,2020-Apr-Jun,2020-Jul-Sep,2020-Oct-Dec,2021-Jan-Mar,2021-Apr-Jun,2021-Jul-Sep,2021-Oct-Dec,2022-Jan-Mar,2022-Apr-Jun,2022-Jul-Sep,2022-Oct-Dec,2023-Jan-Mar,2023-Apr-Jun,2023-Jul-Sep
0.154179211,0.155223603,0.154179211,0.342530647,0.193825807,0.334950225,0.236456861,0.230048234,0.338014665,0.381494003,0.472170723,0.415040293,0.438010413,0.442231237,0.506562415
0.154955485,0.154179211,0.156638572,0.154179211,0.191082657,0.236885893,0.236289452,0.237233811,0.301192781,0.338014665,0.430946655,0.438851743,0.440493323,0.499161023,0.563907802
0.167914834,0.154294885,0.154179211,0.153207684,0.35489135,0.236283314,0.236404247,0.23726624,0.300358155,0.338717724,0.399063801,0.407579451,0.416611081,0.507730722,0.48767102
0.156638572,0.153931036,0.348067097,0.154150158,0.332046835,0.245442889,0.236348821,0.237233811,0.300508959,0.377107769,0.401959269,0.443556231,0.419195455,0.485688689,
0.15397671,0.155839489,0.154179211,0.347662644,0.191082657,0.236290144,0.235868405,0.237281782,0.300259805,0.339765374,0.408337507,0.284758652,0.440472842,0.486667046,
0.155223603,0.154955485,0.154180969,0.155822818,0.347662644,0.236381749,0.236397759,0.236631821,0.3002985,0.384878633,0.407488772,0.307760791,0.429650206,0.485009291,
0.154084825,0.155543677,0.154179211,0.345688364,0.189412565,0.310625256,0.237229223,0.237418943,0.305969281,0.339960314,0.391032623,0.430946655,0.436833621,0.500520721,
0.155288542,0.154179211,0.153374801,0.154179211,0.171681846,0.310833802,0.236345474,0.308183809,0.279938134,0.362778816,0.403250296,0.429303921,0.436551792,,
0.154179211,0.155341825,0.154160449,0.154434751,0.269081495,0.236368403,0.24053975,0.241328764,0.310815836,0.386614001,0.418965883,0.432243103,0.432392731,,
0.15397671,0.154179211,0.153931036,0.156638572,0.309280665,0.236327085,0.235985165,0.237357284,0.302349875,0.338540436,0.430422994,0.430890977,0.477822748,,
0.154986001,0.154593106,0.154179211,0.155068478,0.20145064,0.2364295,0.237154455,0.237708245,0.299694686,0.332543462,0.377707442,0.432874209,0.427546931,,
0.156437469,0.154252551,0.154448869,0.153931036,0.316151548,0.235914737,0.236264114,0.241276778,0.322986875,0.339765374,0.369251959,0.432394398,0.444234725,,
0.15882756,0.154179211,0.154451032,0.154218452,0.338294056,0.23633169,0.236508659,0.246132542,0.338018459,0.371484285,0.338013248,0.431019623,0.439007457,,
,0.154075662,0.163357874,0.154451032,0.310176335,0.236337571,0.236453812,0.236778076,0.297482271,0.374945107,0.364616768,0.391032623,0.437542316,,
,0.154323975,0.154150158,0.155129835,0.30995588,0.316772465,0.23635445,0.201221021,0.297335376,0.377141489,0.398938341,0.430786831,0.41633365,,
,0.153898108,0.210504309,0.154294295,0.312081043,0.191767357,0.236458213,0.208878556,0.339903926,0.390471942,0.438851743,0.430946655,0.472583172,,
,0.1545171,0.15487191,0.153774747,0.317314983,0.329158594,0.23583384,0.242028729,0.301089271,0.338721223,0.407579451,0.431997408,0.439608948,,
,0.154025029,0.155839489,0.153785645,0.311510706,0.269081495,0.236278359,0.236666569,0.318940351,0.33549012,0.307760791,0.415080684,0.472850329,,
,0.155457684,0.156723998,0.155346891,0.315907486,0.310310778,0.321235685,0.241276778,0.309139956,0.233061665,0.391001482,0.430946655,0.441677676,,
,0.154179211,0.154483814,0.347312555,0.310170853,0.236337571,0.236713178,0.241341048,0.341034889,0.390475104,0.417495295,0.431019623,0.473348804,,
,0.154152307,0.15811473,0.316772465,0.319134617,0.191767357,0.236215986,0.241272174,0.297081062,0.342927888,0.377985798,0.377707442,0.436864094,,
,0.154857679,0.154512742,0.316541317,0.31728917,0.191913825,0.236294902,0.310073771,0.33232495,0.377390944,0.390863949,0.441173258,,,
,0.157834795,0.156951545,0.311059653,0.317381488,0.269723874,0.236623125,0.241328764,0.308195805,0.381111249,0.338816059,0.437228792,,,
,0.154512742,0.154149216,0.346852871,0.309845427,0.269081495,0.236279865,0.300358155,0.358653178,0.375189693,0.391032623,0.400476851,,,
,0.154147969,0.153862202,0.316207589,0.342573015,0.203644844,0.236671702,0.3002985,0.303754022,0.349289629,0.389777636,0.43877555,,,
,0.154492995,0.154179211,0.154033473,0.319754756,0.338472732,0.23634339,0.306819456,0.342927888,0.38929604,0.391259802,0.43883525,,,
,0.171332572,0.154179211,0.155128842,0.155082823,0.344449794,0.23577801,0.299694686,0.341812649,0.376322026,0.405612389,0.432874209,,,
,0.159226185,0.156549872,0.154024624,0.349689758,0.345283235,0.236404247,0.313266154,0.289265461,0.38738778,0.405566026,0.43131305,,,
,0.156646547,0.153978131,0.31112433,0.154135959,0.269031705,0.236362454,0.297385588,0.316850281,0.381385128,0.422006435,0.432882786,,,
,0.167914834,0.154179211,0.153335615,0.153914477,0.235864915,0.236481186,0.248882928,0.274242719,0.377469779,0.391055755,0.437177333,,,
,0.154033473,0.167914834,0.236104629,0.192591437,0.154418215,0.236856586,0.297335376,0.305003424,0.237715485,0.391285242,0.440003391,,,
,0.186580427,0.154524014,0.154471329,0.17112916,0.236366769,0.236288603,0.308768804,0.307760791,0.300011177,0.391055755,0.438787526,,,
,0.15401617,0.154297823,0.155839489,0.154179211,0.189927673,0.236554034,0.28929228,0.295884161,0.337674283,0.400476851,0.426508904,,,
,0.154179211,0.156638572,0.154179211,0.153207684,0.23616981,0.236404872,0.300002102,0.307760791,0.390788039,0.390748401,0.426331393,,,
,0.154274172,0.171109921,0.154024624,0.152216964,0.191962199,0.236348821,0.261282422,0.307686365,0.364434929,0.391061478,0.432373676,,,
,0.154179211,0.154492995,0.154179211,0.156638572,0.236501889,0.236474725,0.31359748,0.242117286,0.368459469,0.409768704,0.432611936,,,
,0.154179211,0.154176283,0.154125187,0.156549872,0.236509334,0.329158594,0.306782447,0.334228005,0.345247546,0.242829266,0.459368456,,,
,0.216816045,0.154921021,0.154252551,0.240382118,0.239118771,0.236348821,0.299694686,0.258993873,0.338014665,0.380518711,0.431252249,,,
,0.15444637,0.157459645,0.155822818,0.319497745,0.242362195,0.237229223,0.297081062,0.251985432,0.390623362,0.242117286,0.432571654,,,
,0.156638572,0.181373846,0.15441815,0.321554878,0.236283314,0.200314155,0.306882309,0.307727716,0.390730361,0.381675439,0.438851743,,,
,0.154161805,0.153787952,0.339952084,0.241299019,0.236843025,0.310988304,0.167518402,0.3071015,0.342408236,0.389829283,0.439345942,,,
,0.153979181,0.163773179,0.154179211,0.321630206,0.203783542,0.236228776,0.344362231,0.282089456,0.390810449,0.385026128,0.431740019,,,
,0.154179211,0.154143019,0.344818532,0.338717444,0.309847338,0.236441012,0.167374121,0.303032952,0.242158774,0.402186786,0.439489329,,,
,0.154136599,0.244131026,0.269081495,0.157501852,0.300181648,0.236314476,0.241229887,0.307486343,0.338641139,0.403127074,0.439489329,,,
,0.157786753,0.253714131,0.34809091,0.337494904,0.29837646,0.199780307,0.317505945,0.4365207,0.364483405,0.414929505,0.432825581,,,
,0.154955485,0.160767315,0.311059653,0.179625983,0.328541211,0.240179752,0.31981894,0.241370017,0.338117172,0.390951933,0.433092626,,,
,0.154332055,0.153905913,0.316151548,0.170840268,0.235868405,0.238653079,0.183063101,0.390810449,0.338014665,0.390937084,0.430667071,,,
,0.154382058,0.171004989,0.310176335,0.154179211,0.301313543,0.235925236,0.250407788,0.381494003,0.377455446,0.391041589,0.438845784,,,
,0.154179211,0.15411123,0.31556766,0.171332572,0.241983916,0.236074504,0.194318715,0.307563541,0.338641139,0.362230237,0.44056101,,,
,0.154179211,0.220569111,0.310865819,0.341259843,0.240642446,0.236403541,0.242028729,0.300361343,0.389545218,0.391152786,0.433777243,,,
,0.161906789,0.154382161,0.31048148,0.160154487,0.240571717,0.244569086,0.175371931,0.307871878,0.355399547,0.390841251,0.439247991,,,
,0.161801525,0.154321731,0.317035876,0.156792119,0.236337571,0.236333748,0.315915825,0.33019027,0.337981188,0.381802705,0.399197393,,,
,0.153914477,0.154955485,0.316689557,0.191082657,0.236222894,0.239485169,0.336903923,0.307674349,0.391357488,0.400871494,0.43719552,,,
,0.154179211,0.154179211,0.315907486,0.3199382,0.256074029,0.235912508,0.243977525,0.307760791,0.390814655,0.393131724,0.432898159,,,
,0.154179876,0.155969543,0.154135959,0.316464467,0.171681846,0.237488428,0.243977525,0.307659195,0.39097478,0.391314187,0.403250296,,,
,0.154618094,0.154375316,0.17112916,0.339074415,0.296063929,0.269463303,0.337576952,0.307760791,0.361131545,0.39131819,0.428093818,,,
,0.154179211,0.157459645,0.153207684,0.191221319,0.269097142,0.316772465,0.336703686,0.300315317,0.355929624,0.391322906,0.391055755,,,
,0.154382161,0.154813246,0.154512742,0.348522801,0.241299019,0.312944926,0.24400443,0.3060566,0.34464173,0.363073199,0.432874209,,,
,0.154004334,0.184280486,0.158202413,0.349181914,0.240432272,0.236397759,0.31981894,0.30778231,0.356519657,0.336453122,0.397337038,,,
,0.154188385,0.154562051,0.171332572,0.154512742,0.240484983,0.236456861,0.337214649,0.300342099,0.361764537,0.332986978,0.391072211,,,
,0.155265691,0.157120542,0.171332572,0.310762184,0.240740955,0.240390467,0.194318715,0.307755009,0.356803096,0.364195257,0.432874209,,,
,0.160138017,0.154179211,0.15397671,0.317002593,0.316573647,0.236722531,0.308563913,0.307760791,0.338126591,0.36262572,,,,
,0.154181289,0.155839319,0.156638572,0.317139778,0.314198029,0.19974537,0.307760791,0.241889558,0.333565065,0.357106454,,,,
,0.15500639,0.154179211,0.153914477,0.316655157,0.241299019,0.23667021,0.415040293,0.307789506,0.28401069,0.333940483,,,,
,0.298559572,0.154451032,0.167914834,0.317021726,0.240600442,0.208429157,0.307553603,0.241851662,0.332740897,0.333527502,,,,
,0.154955485,0.154418215,0.154733829,0.312171431,0.316508664,0.236425279,0.307733023,0.307985556,0.356952269,0.357115777,,,,
,0.156373673,0.154004334,0.155082823,0.316823319,0.24052483,0.236604707,0.252471779,0.308563913,0.290227784,0.2901445,,,,
,0.154913497,0.186419495,0.316761477,0.311035423,0.240653098,0.236264114,0.241315584,0.300403895,0.377696349,0.361479125,,,,
,0.168369857,0.154179211,0.311276689,0.317314983,0.311059653,0.236456861,0.24106413,0.307831517,0.366982112,0.382096161,,,,
,0.154021757,0.154715777,0.317150044,0.316655157,0.309396586,0.208081495,0.243794409,0.307797026,0.323576493,0.367819874,,,,
,0.155822818,0.155822818,0.317025538,0.316907276,0.310773353,0.237531855,0.242054186,0.307830476,0.363272906,0.33368921,,,,
,0.15487191,0.156295142,0.311418937,0.312802368,0.238784313,0.198658176,0.246890384,0.309066798,0.368693568,0.318931794,,,,
,0.154179211,0.154955485,0.31562568,0.310797271,0.238703552,0.200675715,0.243965362,0.308324858,0.256576284,0.358027579,,,,
,0.154179211,0.155290685,0.31661084,0.317314983,0.238646961,0.205642638,0.245584999,0.307512229,0.381638931,0.375508289,,,,
,0.155280902,0.155027097,0.310625256,0.311451433,0.238720971,0.236456861,0.307804308,0.307915348,0.37940376,0.398914826,,,,
,0.155082823,0.160411211,0.15594532,0.311510706,0.307831689,0.24098272,0.30729417,0.30773644,0.398849041,,,,,
,0.156295142,0.156613104,0.317668071,0.317256123,0.316180804,0.328429826,0.300342099,0.306599176,0.378445224,,,,,
,0.170131108,0.155012701,0.311854772,0.240571717,0.316401769,0.240493302,0.307674349,0.24143532,0.377504576,,,,,
,0.154179211,0.155822818,0.316903672,0.311222468,0.239389817,0.240427906,0.369838177,0.337996575,0.390990928,,,,,
,0.154833805,0.162913632,0.310637284,0.320959706,0.211953244,0.240888629,0.308299708,0.308755655,0.3938427,,,,,
,0.155764007,0.167961172,0.316573647,0.33906355,0.155082823,0.240252775,0.308260685,0.315933394,0.381663741,,,,,
,0.155712688,0.155994622,0.316734337,0.337942248,0.349689758,0.240132465,0.307784258,0.241588978,0.405297193,,,,,
,0.155934845,0.155822818,0.317013578,0.339217234,0.156549872,0.240567519,0.248255255,0.312701898,0.404400457,,,,,
,0.154955485,0.155950092,0.319105377,0.341067598,0.240382118,0.240761226,0.237791254,0.306840415,0.390972999,,,,,
,0.154691405,0.155004221,0.316679534,0.336572446,0.319428468,0.240349319,0.24840476,0.307663644,0.381454813,,,,,
,0.154955485,0.155582402,0.191676304,0.338174151,0.321554878,0.242537894,0.239912369,0.339070151,0.400277704,,,,,
,0.155027097,0.155712688,0.154618181,0.337494881,0.31562568,0.24075189,0.240280043,0.307795645,0.388462833,,,,,
,0.155471539,0.162906577,0.347429271,0.324146409,0.321481841,0.24049213,0.242028729,0.306796705,0.377471618,,,,,
,0.154239404,0.161353363,0.341259843,0.339074415,0.179625983,0.241169175,0.23771731,0.340716804,0.391737808,,,,,
,0.162906577,0.153425202,0.341076552,0.338923792,0.236485064,0.240407286,0.242157123,0.340606656,0.391090732,,,,,
,0.156792341,0.158493259,0.159523651,0.338727397,0.316631368,0.241104782,0.248255255,0.313366865,0.390788039,,,,,
,0.155313129,0.201057521,0.186419495,0.321139512,0.191767357,0.24886864,0.24224502,0.300389727,0.390725391,,,,,
,0.155981908,0.171247805,0.341067598,0.339074415,0.339667999,0.238646961,0.30765378,0.307948088,0.390793153,,,,,
,0.155305512,0.156003484,0.324146409,0.338902985,0.171332572,0.238868438,0.302671747,0.307751905,0.392892538,,,,,
,0.154297823,0.155576755,0.17238454,0.338768496,0.312807055,0.238703552,0.25590622,0.300358155,0.387269843,,,,,
,0.154132896,0.181504006,0.347429271,0.338164896,0.311130038,0.243523061,0.286273536,,0.390728371,,,,,
,0.1537119,0.15397671,0.34061061,0.339036469,0.316772465,0.239520439,0.286754414,,0.390752975,,,,,
,0.156379922,0.154217776,0.154499779,0.339074415,0.179749977,0.238738882,0.237989023,,0.414685627,,,,,
,0.154179211,0.155010704,0.191082657,0.191567736,0.228540393,0.238797353,0.283362171,,0.362144746,,,,,
,0.154955485,0.153852452,0.339074415,0.339227643,0.311059653,0.238720971,0.300361343,,0.392545127,,,,,
,0.198623049,,0.339389796,0.154448869,0.310710955,0.238790592,0.300358155,,0.394851517,,,,,
,0.154848983,,0.340226753,0.339389796,0.313868561,0.23891727,0.30945908,,0.338809078,,,,,
,0.15420954,,0.340729284,0.33956368,0.310732633,0.238784313,0.307797026,,0.390815492,,,,,
,0.153791729,,0.346030617,0.338573519,0.240605707,0.321298734,0.250407788,,0.338720877,,,,,
,0.154813246,,0.154177112,0.330760055,0.31100027,0.239478075,0.286942276,,0.402941027,,,,,
,,,0.347217876,0.191074468,0.310536204,0.238772468,0.237791254,,0.389580479,,,,,
,,,0.341259843,0.343340121,0.240270822,0.241239862,0.245530561,,0.381629339,,,,,
,,,0.336991398,0.191082657,0.240576607,0.239376085,0.254025242,,0.390677167,,,,,
,,,0.341259843,0.190999696,0.322152137,0.238625397,0.255388896,,0.364661014,,,,,
,,,0.157751127,0.338929479,0.216357483,0.238619736,0.288320798,,0.390917739,,,,,
,,,0.316559278,0.33910779,0.310391134,0.239376466,0.241992731,,0.391104331,,,,,
,,,0.310973826,0.339074415,0.311842039,0.21166535,0.250561757,,0.344209766,,,,,
,,,0.240571717,0.341259843,0.317046049,0.238848321,0.24263745,,0.390788039,,,,,
,,,0.171004989,0.339074415,0.311115161,0.239738094,0.304527036,,0.337951486,,,,,
,,,0.171004989,0.339304847,0.240715578,0.212054544,0.304903558,,0.307760791,,,,,
,,,0.154473614,0.338761075,0.31562568,0.238753916,0.282089456,,0.38149953,,,,,
,,,0.154149216,0.339074415,0.302575201,0.155082823,0.241276778,,0.390714675,,,,,
,,,0.179384654,0.191161996,0.346224124,0.349689758,0.300351927,,0.390869005,,,,,
,,,0.154371776,0.338526382,0.338341353,0.156549872,0.300259805,,0.390788039,,,,,
,,,0.154179211,0.191486499,0.338730826,0.240297865,0.307330006,,0.390783279,,,,,
,,,0.154382161,0.191051649,0.191008378,0.319428468,0.264987969,,0.390755566,,,,,
,,,0.154179211,0.339056835,0.316857207,0.321554878,0.241175723,,0.37508272,,,,,
,,,0.155658001,0.326972041,0.338615509,0.24085446,0.307993932,,0.338640061,,,,,
,,,0.316778131,0.341265156,0.337283602,0.241819395,0.308588331,,0.391780994,,,,,
,,,0.154694383,0.347429271,0.154179211,0.236397759,0.300358155,,0.338934466,,,,,
,,,0.179625983,0.340868905,0.320795296,0.237761637,0.310994591,,0.343551637,,,,,
,,,0.189691179,0.338671833,0.236222894,0.238117941,0.307760791,,0.377469779,,,,,
,,,0.181215896,0.1556507,0.236870901,0.240898629,0.338013248,,0.338014665,,,,,
,,,0.164224481,0.339671312,0.310845112,0.243066708,0.308446109,,0.381515736,,,,,
,,,0.164224481,0.341145162,0.191676458,0.179625983,0.307790541,,0.339935046,,,,,
,,,0.154108475,0.242326035,0.244131026,0.241917264,0.245215076,,0.338405211,,,,,
,,,0.179873604,0.190991285,0.240270822,0.236397759,0.241601341,,0.391041622,,,,,
,,,0.154356476,0.198298328,0.310704794,0.23692294,0.241962396,,0.338074041,,,,,
,,,0.154533521,0.244131026,0.316772465,0.237274207,0.307760791,,0.33720795,,,,,
,,,0.154356704,0.154176283,0.308949021,0.238703552,0.249624461,,0.338014665,,,,,
,,,0.181381552,0.156638572,0.30251261,0.243436956,0.259561259,,0.338089927,,,,,
,,,0.154236801,0.182332873,0.316491255,0.191767357,0.252990017,,0.337958886,,,,,
,,,0.181373846,0.187788656,0.240764662,0.238271157,0.291336727,,0.320655377,,,,,
,,,0.171112025,0.2431717,0.241192747,0.236372214,0.307719621,,0.33879174,,,,,
,,,0.154179211,0.24289459,0.241169632,0.241291455,0.300358155,,0.338000439,,,,,
,,,0.155477228,0.347330897,0.241002423,0.238430143,0.300405419,,0.377487146,,,,,
,,,0.154429543,0.253714131,0.316596777,0.23692294,0.300358155,,0.390823634,,,,,
,,,0.207441081,0.242301857,0.248393012,0.241142409,0.244962847,,0.376549487,,,,,
,,,0.1537119,0.330818018,0.240433943,0.23853846,0.309346553,,0.338182447,,,,,
,,,0.154442177,0.326778717,0.240679022,0.241803172,0.242184698,,0.339894813,,,,,
,,,0.154004334,0.330796518,0.311245469,0.237774639,0.24216331,,0.381494003,,,,,
,,,0.154418215,0.330621431,0.191767357,0.238138364,0.309066798,,0.337840358,,,,,
,,,0.170183798,0.190991285,0.24110893,0.208989609,0.318613155,,0.381574782,,,,,
,,,0.154210411,0.244446983,0.240619862,0.237289866,0.242085599,,0.390867602,,,,,
,,,0.154305713,0.19119545,0.243040319,0.171332572,0.241855096,,0.344160991,,,,,
,,,0.171004989,0.190942409,0.240571717,0.296371588,0.241809466,,0.390788039,,,,,
,,,0.155839489,0.208541415,0.24124428,0.243142457,0.25321724,,0.391119022,,,,,
,,,0.153904045,0.331012458,0.240508253,0.241113728,0.242062172,,0.377514166,,,,,
,,,0.154247215,0.183908836,0.240682406,0.308402934,0.241360518,,0.382952574,,,,,
,,,0.1556507,0.311432351,0.240595668,0.240972327,0.242021598,,0.338014665,,,,,
,,,0.154081801,0.314734877,0.240430229,0.240427906,0.24209196,,0.339908973,,,,,
,,,0.164224481,0.311120536,0.241111083,0.240301855,0.241213923,,0.364434929,,,,,
,,,0.154179211,0.317636495,0.240974301,0.240088157,0.241696183,,,,,,,
,,,0.171763621,0.172550458,0.240571717,0.240358633,0.241276778,,,,,,,
,,,0.181373846,0.191082657,0.316772465,0.240572704,0.241628956,,,,,,,
,,,0.154616245,0.191082657,0.31095075,0.240666438,0.241279624,,,,,,,
,,,0.154222225,0.171004989,0.241225405,0.243657978,0.242183311,,,,,,,
,,,0.156951545,0.179855428,0.269081495,0.336898041,0.242955796,,,,,,,
,,,0.153374801,0.181221643,0.311059653,0.243066708,0.241276778,,,,,,,
,,,0.154179211,0.315639573,0.240571717,0.24187351,0.241474355,,,,,,,
,,,0.154306638,0.336398049,0.241272639,0.241173222,0.299712199,,,,,,,
,,,0.171277346,0.328002442,0.240470764,0.240348475,0.243645388,,,,,,,
,,,0.154181289,0.309335054,0.240411515,0.240642092,0.241223229,,,,,,,
,,,0.184280486,0.316198088,0.240745704,0.154179211,0.241276778,,,,,,,
,,,0.172236127,0.317048672,0.191980661,0.154645353,0.241442162,,,,,,,
,,,0.154287019,0.317314983,0.191594948,0.23692294,0.241296252,,,,,,,
,,,0.153337709,0.308794402,0.322389795,0.236948592,0.241175723,,,,,,,
,,,0.154179211,0.317798205,0.231635069,0.155068478,0.24123129,,,,,,,
,,,0.15428924,0.241299019,0.240605571,0.318122861,0.370100819,,,,,,,
,,,0.154149216,0.17920235,0.191506282,0.236856586,0.194318715,,,,,,,
,,,0.154179211,0.184629251,0.227987353,0.23692294,0.241831457,,,,,,,
,,,0.154179211,0.321554878,0.191960046,0.241169175,0.247121358,,,,,,,
,,,0.154411127,0.191844325,0.191620011,0.2473858,0.243362103,,,,,,,
,,,0.154275407,0.191954023,0.228540393,0.236958851,0.296686194,,,,,,,
,,,0.154616245,0.191933994,0.228540393,0.23692294,0.241439176,,,,,,,
,,,0.154839207,0.192493086,0.191767357,0.244042659,0.243653406,,,,,,,
,,,0.341259843,0.191949423,0.192240216,0.247409846,0.245951917,,,,,,,
,,,0.181221643,0.191840959,0.323317308,0.237191618,0.241248664,,,,,,,
,,,0.167278133,0.228540393,0.243292585,0.236958851,0.241787125,,,,,,,
,,,0.164592571,0.191290446,0.228540393,0.236930104,0.241340741,,,,,,,
,,,0.15426345,0.191261096,0.241072422,0.237699721,0.242028729,,,,,,,
,,,0.154160449,0.191082657,0.243292585,0.236861107,0.294229892,,,,,,,
,,,0.227384278,0.153754621,0.240493199,0.240066488,0.241554718,,,,,,,
,,,0.154179211,0.191082657,0.240600609,0.23692294,0.242710273,,,,,,,
,,,0.181539297,0.345473199,0.317153901,0.241990681,0.241997034,,,,,,,
,,,0.15612908,0.154575744,0.318762403,0.239277302,0.241424478,,,,,,,
,,,0.154179211,0.300910995,0.240587701,0.237024781,0.236815969,,,,,,,
,,,0.154174435,0.299272547,0.239388256,0.236378814,0.237807262,,,,,,,
,,,0.181696123,0.311396956,0.295986721,0.23692294,0.237218184,,,,,,,
,,,0.15450919,0.171004989,0.240672193,0.240573227,0.242183282,,,,,,,
,,,0.154852105,0.299209627,0.240571717,0.23788455,0.29665382,,,,,,,
,,,0.154244709,0.191096404,0.191767357,0.237150494,0.237337967,,,,,,,
,,,0.210372556,0.311420383,0.321554878,0.238610582,0.236631821,,,,,,,
,,,0.154492995,0.19400897,0.316143862,0.23692294,0.237225206,,,,,,,
,,,0.172222176,0.191020839,0.32150731,0.237216186,0.236602493,,,,,,,
,,,0.170935371,0.228987881,0.315985187,0.236958851,0.23660248,,,,,,,
,,,0.171736989,0.190979987,0.191728812,0.32003457,0.258490879,,,,,,,
,,,0.149516983,0.192057784,0.192558517,0.23692294,0.237884443,,,,,,,
,,,0.154179211,0.228637939,0.228307529,0.241990681,0.237328665,,,,,,,
,,,0.191027302,0.191227706,0.193660005,0.255206273,0.237788129,,,,,,,
,,,0.159502117,0.191082657,0.223612313,0.23685639,0.24374718,,,,,,,
,,,0.17100316,0.292535772,0.191149966,0.236885531,0.254393643,,,,,,,
,,,0.296101686,0.294968699,0.191729987,0.237670222,0.237197524,,,,,,,
,,,0.242176131,0.15831053,0.29767511,0.237024111,0.236789324,,,,,,,
,,,0.154179211,0.24175886,0.228529406,0.246916566,0.237337317,,,,,,,
,,,0.154661019,0.181448167,0.192923058,0.242169994,0.2575006,,,,,,,
,,,0.153832632,0.183985478,0.193437809,0.23692294,0.163692256,,,,,,,
,,,0.171004989,0.246524646,0.154274172,0.249455752,0.241956277,,,,,,,
,,,0.170514113,0.157459645,0.288458815,0.241416639,0.237232101,,,,,,,
,,,0.154132496,0.155927253,0.257530126,0.237074864,0.23714801,,,,,,,
,,,0.157372218,0.184117399,0.240571717,0.236981326,0.240182857,,,,,,,
,,,0.313285857,0.154247215,0.240571717,0.241769711,0.237182944,,,,,,,
,,,0.34952422,0.154529959,0.19263243,0.236852503,0.259348439,,,,,,,
,,,0.154592333,0.191676304,0.321527966,0.239230726,0.236695247,,,,,,,
,,,0.181373846,0.190876318,0.201165031,0.237054441,0.237362763,,,,,,,
,,,0.155076194,0.341166439,0.32084281,0.237969774,0.237554952,,,,,,,
,,,0.347330897,0.186877953,0.338615509,0.237039878,0.241877727,,,,,,,
,,,0.154179211,0.170877304,0.337619584,0.236867091,0.236934119,,,,,,,
,,,0.347895751,0.191074954,0.337961416,0.236908096,0.237225206,,,,,,,
,,,0.308487871,0.154179211,0.191767357,0.237568479,0.236938931,,,,,,,
,,,0.306157233,0.190937,0.191808923,0.236923147,0.237113119,,,,,,,
,,,0.19153553,0.191505553,0.192901042,0.237794374,0.236910982,,,,,,,
,,,0.188482347,0.339074415,0.228154882,0.236998018,0.23720756,,,,,,,
,,,0.188482347,0.320378463,0.312720955,0.236397759,0.237447343,,,,,,,
,,,0.156603973,0.158588166,0.236537105,0.237069862,0.237561464,,,,,,,
,,,0.154799957,0.187063699,0.191668131,0.23692294,0.236727195,,,,,,,
,,,0.15381764,0.339023226,0.228921702,0.236900475,0.23658393,,,,,,,
,,,0.154179211,0.338144071,0.230417151,0.23692294,0.237551555,,,,,,,
,,,0.172153137,0.191367033,0.230417151,0.236950201,0.255655053,,,,,,,
,,,0.335205599,0.339173368,0.229112728,0.237587235,0.255678537,,,,,,,
,,,0.155822818,0.339074415,0.310953954,0.241987572,,,,,,,,
,,,0.155384108,0.191059367,0.191616344,0.236902852,,,,,,,,
,,,0.17013459,0.338884129,0.29176453,0.236397759,,,,,,,,
,,,0.173755593,0.339191699,0.193490232,0.237063635,,,,,,,,
,,,0.15352048,0.191082657,0.209428276,0.236556719,,,,,,,,
,,,0.156823256,0.190963846,0.191999092,0.236431237,,,,,,,,
,,,0.154694036,0.191082657,0.345010017,0.237027709,,,,,,,,
,,,0.156295142,0.191082657,0.191767357,0.23666119,,,,,,,,
,,,0.156296249,0.339693985,0.192465373,0.236983241,,,,,,,,
,,,0.152095209,0.190944261,0.192402985,0.237121673,,,,,,,,
,,,0.156037124,0.338958682,0.191767866,0.237915165,,,,,,,,
,,,0.155822818,0.339021503,0.308181287,0.237690726,,,,,,,,
,,,0.155334474,0.339280337,0.191767357,0.236954495,,,,,,,,
,,,0.172222176,0.191107232,0.191767357,0.241521785,,,,,,,,
,,,0.156151876,0.293241017,0.228299207,0.239476691,,,,,,,,
,,,0.171927874,0.190885014,0.236916916,0.237017216,,,,,,,,
,,,0.154474316,0.312224163,0.193022917,0.237000929,,,,,,,,
,,,0.17013459,0.173718067,0.192851968,0.237384724,,,,,,,,
,,,0.155064403,0.190972923,0.191723892,0.23692294,,,,,,,,
,,,0.155912964,0.191194681,0.298239063,0.2473858,,,,,,,,
,,,0.158656162,0.338592082,0.320494758,0.237470461,,,,,,,,
,,,0.193613365,0.168949438,0.20137371,0.236456144,,,,,,,,
,,,0.183529758,0.268369806,0.156675561,0.241791379,,,,,,,,
,,,0.15397671,0.339043593,0.341259843,0.23693029,,,,,,,,
,,,0.168196179,0.168196179,0.370694519,0.237681726,,,,,,,,
,,,0.168271067,0.156158403,0.188482347,0.236843122,,,,,,,,
,,,0.15397671,0.179384654,0.154761642,0.241169175,,,,,,,,
,,,0.169787862,0.171019056,0.154761642,0.241208039,,,,,,,,
,,,0.168367935,0.154149216,0.148888562,0.247464501,,,,,,,,
,,,0.16775564,0.17348586,0.36471375,0.23583384,,,,,,,,
,,,0.15443434,0.19114259,0.37059471,0.247684138,,,,,,,,
,,,0.155556484,0.191082657,0.365884002,0.237660552,,,,,,,,
,,,0.16938267,0.173030585,0.370132052,0.237698957,,,,,,,,
,,,,0.191455472,0.175011554,0.236607345,,,,,,,,
,,,,0.191093025,0.15465344,0.247787115,,,,,,,,
,,,,0.191082657,0.370400708,0.237915165,,,,,,,,
,,,,0.18037156,0.173951938,0.247580347,,,,,,,,
,,,,0.171071043,0.37059471,0.241802077,,,,,,,,
,,,,0.171004989,0.370949928,0.237103264,,,,,,,,
,,,,0.156751151,0.341386709,0.236886024,,,,,,,,
,,,,0.190823161,0.37059471,0.248692974,,,,,,,,
,,,,0.365933852,0.154334629,0.237136215,,,,,,,,
,,,,0.170868733,0.370753975,0.23737311,,,,,,,,
,,,,0.346591219,0.340232308,0.2415731,,,,,,,,
,,,,0.342857752,0.153959673,0.236397759,,,,,,,,
,,,,0.347330897,0.370575592,0.237338414,,,,,,,,
,,,,0.344873291,0.370408442,0.237121065,,,,,,,,
,,,,0.346842542,0.370909171,0.241554945,,,,,,,,
,,,,0.346005953,0.370244387,0.245779494,,,,,,,,
,,,,0.346992395,0.365338954,0.236923719,,,,,,,,
,,,,0.345526464,0.192113571,0.236534708,,,,,,,,
,,,,0.347025409,0.228310659,0.242740074,,,,,,,,
,,,,0.346842542,0.230085597,0.236900723,,,,,,,,
,,,,0.191543102,0.193315766,0.236923771,,,,,,,,
,,,,0.189423192,0.228799106,0.236871204,,,,,,,,
,,,,0.295645478,0.191897696,0.247135893,,,,,,,,
,,,,0.191260746,0.228637966,0.237670222,,,,,,,,
,,,,0.189234894,0.244609738,0.23632848,,,,,,,,
,,,,0.194527806,0.239403877,0.236865533,,,,,,,,
,,,,0.19423711,0.296623715,0.241082681,,,,,,,,
,,,,0.298140794,0.240896558,0.237578401,,,,,,,,
,,,,0.157763386,0.240210744,0.23690898,,,,,,,,
,,,,0.190949419,0.339823724,0.23694946,,,,,,,,
,,,,0.191616296,0.240463678,0.258811944,,,,,,,,
,,,,0.311792386,0.240571717,0.237795028,,,,,,,,
,,,,0.347143391,0.322711476,0.237207713,,,,,,,,
,,,,0.346589603,0.240571717,0.236872186,,,,,,,,
,,,,0.171004989,0.241195302,0.252212288,,,,,,,,
,,,,0.192056583,0.287627755,0.236857434,,,,,,,,
,,,,0.191082657,0.308421255,0.246999885,,,,,,,,
,,,,0.369103868,0.310610586,0.237044293,,,,,,,,
,,,,0.157183828,0.191651105,0.236958767,,,,,,,,
,,,,0.365290285,0.191651105,0.245370002,,,,,,,,
,,,,0.365525229,0.33580791,0.247636999,,,,,,,,
,,,,0.184473187,0.336473866,0.247416067,,,,,,,,
,,,,0.36612208,0.335212289,0.242200159,,,,,,,,
,,,,0.365560417,0.336458383,0.23709727,,,,,,,,
,,,,0.365655951,0.336893753,0.237447345,,,,,,,,
,,,,0.336690002,0.173335806,0.237078328,,,,,,,,
,,,,0.336458383,0.365655951,0.23692294,,,,,,,,
,,,,0.156295142,0.157106354,0.247949402,,,,,,,,
,,,,0.156325059,0.336890627,0.339074415,,,,,,,,
,,,,0.227876762,0.189234894,0.18196019,,,,,,,,
,,,,0.160204759,0.365560417,0.257134753,,,,,,,,
,,,,0.189731417,0.154955485,0.241913498,,,,,,,,
,,,,0.336570586,0.19192688,0.241403287,,,,,,,,
,,,,0.36658344,0.365880114,0.241083325,,,,,,,,
,,,,0.363851555,0.369181947,0.257560549,,,,,,,,
,,,,0.188526399,0.365935571,0.19204888,,,,,,,,
,,,,0.36680508,0.365558013,0.241162149,,,,,,,,
,,,,0.149931866,0.336481146,0.240332447,,,,,,,,
,,,,0.192643994,0.336164454,0.240421248,,,,,,,,
,,,,0.338976879,0.336757463,0.242770825,,,,,,,,
,,,,0.210427162,0.36511836,0.240202222,,,,,,,,
,,,,0.338976879,0.366582128,0.240667177,,,,,,,,
,,,,0.191082657,0.335205599,0.242919212,,,,,,,,
,,,,0.157120542,0.34398675,0.240318864,,,,,,,,
,,,,0.366486873,0.347365136,0.240377316,,,,,,,,
,,,,0.366486873,0.150547156,0.240132465,,,,,,,,
,,,,0.366486873,0.36658344,0.242537894,,,,,,,,
,,,,0.366242256,0.150978577,0.240418187,,,,,,,,
,,,,0.335205599,0.366543258,0.240954505,,,,,,,,
,,,,0.3649165,0.363851555,0.240427906,,,,,,,,
,,,,0.366164963,0.363728483,0.241763298,,,,,,,,
,,,,0.366993147,0.295146512,0.24037626,,,,,,,,
,,,,0.33528047,0.31699672,0.240132465,,,,,,,,
,,,,0.366116352,0.336741705,0.241169175,,,,,,,,
,,,,0.337041237,0.169742219,0.240291419,,,,,,,,
,,,,0.339273999,0.364058296,0.240498586,,,,,,,,
,,,,0.339273999,0.168272259,0.243042968,,,,,,,,
,,,,0.191016014,0.188520021,0.25132501,,,,,,,,
,,,,0.344854682,0.365186212,0.241022063,,,,,,,,
,,,,0.339141673,0.346178321,0.240506447,,,,,,,,
,,,,0.192630661,0.168111905,0.242666118,,,,,,,,
,,,,0.182270143,0.169742219,0.240828945,,,,,,,,
,,,,0.154179211,0.336013794,0.241124539,,,,,,,,
,,,,0.341114084,0.167961172,0.240933322,,,,,,,,
,,,,0.155822818,0.333904124,0.242770825,,,,,,,,
,,,,0.172222176,0.344655719,0.246905817,,,,,,,,
,,,,0.155334474,0.336398049,0.240473211,,,,,,,,
,,,,0.156037124,0.336398049,0.240973225,,,,,,,,
,,,,0.155822818,0.347643085,0.253778357,,,,,,,,
,,,,0.17013459,0.364407506,0.240426,,,,,,,,
,,,,0.19153553,,0.240591766,,,,,,,,
,,,,0.20145064,,0.246642442,,,,,,,,
,,,,0.190986039,,0.240427906,,,,,,,,
,,,,0.191082657,,0.240373322,,,,,,,,
,,,,0.340783444,,0.240573225,,,,,,,,
,,,,0.341044935,,0.241106633,,,,,,,,
,,,,0.191093811,,0.241491325,,,,,,,,
,,,,0.15588965,,0.240427906,,,,,,,,
,,,,0.153219178,,0.240275276,,,,,,,,
,,,,0.154563858,,0.241351202,,,,,,,,
,,,,0.155839489,,0.242623996,,,,,,,,
,,,,0.153800584,,0.240422319,,,,,,,,
,,,,0.155822818,,0.240413407,,,,,,,,
,,,,0.155972167,,0.240800591,,,,,,,,
,,,,0.165881931,,0.240427906,,,,,,,,
,,,,0.158868402,,0.240734214,,,,,,,,
,,,,0.173783638,,0.240954505,,,,,,,,
,,,,0.163955949,,0.240427906,,,,,,,,
,,,,0.172271283,,0.240594828,,,,,,,,
,,,,0.169742219,,0.240910859,,,,,,,,
,,,,0.157372218,,0.240427906,,,,,,,,
,,,,0.172484249,,0.241320838,,,,,,,,
,,,,0.155839174,,0.240447081,,,,,,,,
,,,,0.154474316,,0.240851358,,,,,,,,
,,,,0.155822818,,0.242320173,,,,,,,,
,,,,0.172153137,,0.240978097,,,,,,,,
,,,,0.156817026,,0.240427906,,,,,,,,
,,,,0.15352048,,0.335123924,,,,,,,,
,,,,0.155822818,,0.240561437,,,,,,,,
,,,,0.153705286,,0.240735059,,,,,,,,
,,,,0.354546973,,0.240551733,,,,,,,,
,,,,0.175513383,,0.240427906,,,,,,,,
,,,,0.154053935,,0.24114927,,,,,,,,
,,,,0.15397671,,0.240728049,,,,,,,,
,,,,0.166692415,,0.240486867,,,,,,,,
,,,,,,0.241077935,,,,,,,,
,,,,,,0.240381262,,,,,,,,
,,,,,,0.242079711,,,,,,,,
,,,,,,0.244525392,,,,,,,,
,,,,,,0.240427906,,,,,,,,
,,,,,,0.240427906,,,,,,,,
,,,,,,0.241823336,,,,,,,,
,,,,,,0.240427906,,,,,,,,
,,,,,,0.240174786,,,,,,,,
,,,,,,0.240438955,,,,,,,,
,,,,,,0.240493302,,,,,,,,
,,,,,,0.240468478,,,,,,,,
,,,,,,0.240521863,,,,,,,,
,,,,,,0.240811318,,,,,,,,
,,,,,,0.240800591,,,,,,,,
,,,,,,0.240459485,,,,,,,,
,,,,,,0.240158799,,,,,,,,
,,,,,,0.240132465,,,,,,,,
,,,,,,0.242197509,,,,,,,,
,,,,,,0.240950243,,,,,,,,
,,,,,,0.240800591,,,,,,,,
,,,,,,0.240427906,,,,,,,,
,,,,,,0.240427906,,,,,,,,
,,,,,,0.24023872,,,,,,,,
,,,,,,0.24117615,,,,,,,,
,,,,,,0.240707579,,,,,,,,
,,,,,,0.241060246,,,,,,,,
,,,,,,0.240685539,,,,,,,,
,,,,,,0.240749802,,,,,,,,
,,,,,,0.240525599,,,,,,,,
,,,,,,0.241129008,,,,,,,,
,,,,,,0.241188729,,,,,,,,
,,,,,,0.240291761,,,,,,,,
,,,,,,0.191767357,,,,,,,,
,,,,,,0.241306961,,,,,,,,
,,,,,,0.241286845,,,,,,,,
,,,,,,0.240229812,,,,,,,,
,,,,,,0.240905568,,,,,,,,
,,,,,,0.241216097,,,,,,,,
,,,,,,0.241335067,,,,,,,,
,,,,,,0.245370002,,,,,,,,
,,,,,,0.241082092,,,,,,,,
,,,,,,0.240132465,,,,,,,,
,,,,,,0.237542428,,,,,,,,
,,,,,,0.237303889,,,,,,,,
,,,,,,0.238233113,,,,,,,,
,,,,,,0.23690898,,,,,,,,
,,,,,,0.236758917,,,,,,,,
,,,,,,0.23690898,,,,,,,,
,,,,,,0.240537522,,,,,,,,
,,,,,,0.237811342,,,,,,,,
,,,,,,0.237038492,,,,,,,,
,,,,,,0.237191618,,,,,,,,
,,,,,,0.23690898,,,,,,,,
,,,,,,0.247512659,,,,,,,,
,,,,,,0.237535959,,,,,,,,
,,,,,,0.339056222,,,,,,,,
,,,,,,0.339074415,,,,,,,,
,,,,,,0.339043593,,,,,,,,
,,,,,,0.339074415,,,,,,,,
,,,,,,0.241341743,,,,,,,,
,,,,,,0.241174538,,,,,,,,
,,,,,,0.240427906,,,,,,,,
,,,,,,0.240705153,,,,,,,,
,,,,,,0.240412561,,,,,,,,
,,,,,,0.241401005,,,,,,,,
,,,,,,0.240382779,,,,,,,,
,,,,,,0.23632848,,,,,,,,
,,,,,,0.238138364,,,,,,,,
,,,,,,0.236397759,,,,,,,,
,,,,,,0.23644885,,,,,,,,
,,,,,,0.339074415,,,,,,,,
,,,,,,0.228540393,,,,,,,,
,,,,,,0.237688855,,,,,,,,
,,,,,,0.236406554,,,,,,,,
,,,,,,0.236220929,,,,,,,,
,,,,,,0.238475233,,,,,,,,
,,,,,,0.235858028,,,,,,,,
,,,,,,0.236359569,,,,,,,,
,,,,,,0.236340965,,,,,,,,
,,,,,,0.236448757,,,,,,,,
,,,,,,0.235875047,,,,,,,,
,,,,,,0.23583384,,,,,,,,
,,,,,,0.237877624,,,,,,,,
,,,,,,0.236142594,,,,,,,,
,,,,,,0.235911904,,,,,,,,
,,,,,,0.235868405,,,,,,,,
,,,,,,0.235779889,,,,,,,,
,,,,,,0.235809831,,,,,,,,
,,,,,,0.23631498,,,,,,,,
,,,,,,0.237213799,,,,,,,,
,,,,,,0.190255649,,,,,,,,
,,,,,,0.23583384,,,,,,,,
,,,,,,0.23601623,,,,,,,,
,,,,,,0.236340965,,,,,,,,
,,,,,,0.2371921,,,,,,,,
,,,,,,0.236325631,,,,,,,,
,,,,,,0.191980661,,,,,,,,
