2020-Jan-Mar,2020-Apr-Jun,2020-Jul-Sep,2020-Oct-Dec,2021-Jan-Mar,2021-Apr-Jun,2021-Jul-Sep,2021-Oct-Dec,2022-Jan-Mar,2022-Apr-Jun,2022-Jul-Sep,2022-Oct-Dec,2023-Jan-Mar,2023-Apr-Jun,2023-Jul-Sep,2023-Oct-Dec,2024-Jan-Mar,2024-Apr-May
0.201894658,0.202008872,0.201894658,0.202313742,0.218178198,0.2646519,0.374502386,0.37756325,0.596606878,0.596420306,0.596576006,0.60494022,0.709931918,0.874202324,0.833181532,0.87909444,0.937838348,0.957827868
0.202008872,0.201894658,0.202008872,0.202008872,0.206604762,0.2646519,0.377768894,0.37702422,0.596606878,0.596420306,0.596576006,0.60494022,0.732564864,0.838269654,0.833456598,0.921753994,0.947419352,0.939969772
0.201611268,0.202210236,0.202008872,0.202293608,0.256425424,0.26485704,0.37772056,0.373929326,0.596606878,0.63587641,0.636163458,0.641459042,0.723842208,0.216072706,0.890520586,0.921886076,0.957959476,0.935363484
0.20152993,0.201611268,0.20332202,0.202008872,0.256236062,0.209198038,0.371064076,0.376982548,0.635249502,0.597396766,0.597515392,0.606096072,0.715277264,0.874441254,0.835057938,0.922498608,0.9381077,0.93767876
0.204188906,0.201737344,0.202008872,0.203736168,0.271199164,0.265102138,0.385187228,0.361058004,0.597638282,0.59642058,0.59656613,0.604905818,0.747513722,0.862214372,0.893479014,0.905998142,0.950064752,0.937812898
0.201894658,0.202838072,0.201856696,0.206405004,0.270216074,0.208232242,0.38202719,0.374200132,0.596546078,0.596810556,0.60360458,0.71139937,0.747266512,0.873236442,0.892442132,0.92173306,0.944860706,0.950174832
0.298741408,0.207059084,0.205529064,0.20243961,0.213777952,0.29281137,0.38169386,0.375226016,0.520292962,0.362240786,0.7021055,0.71139937,0.747014292,0.879796664,0.934338318,0.927188682,0.95978165,0.957827868
0.20559317,0.201894658,0.202008872,0.203137616,0.270318776,0.251833878,0.383973904,0.36061006,0.596606878,0.596354692,0.701931832,0.71591435,0.74724752,0.872987986,0.83528782,0.888061452,0.93580925,0.951684244
0.201976324,0.201894658,0.20613509,0.20193311,0.262073272,0.218230328,0.378077938,0.506593248,0.52510467,0.598983532,0.70212478,0.71139937,0.727758044,0.873481418,0.832260902,0.92223492,0.95978165,0.957827868
0.201670176,0.263299006,0.202664796,0.20632062,0.37125856,0.270921328,0.37707284,0.490699398,0.373563394,0.603302716,0.707824034,0.750865402,0.782413034,0.87417443,0.881765272,0.92214703,0.945669902,
0.223791072,0.201816148,0.201768208,0.202495056,0.371496228,0.357729648,0.377592834,0.374200132,0.59657112,0.556206188,0.674487096,0.743307354,0.747932342,0.849991754,0.835852568,0.924004222,0.937834892,
0.20197994,0.202535082,0.202792726,0.202745002,0.26171886,0.358021824,0.378077938,0.506965012,0.50586181,0.701743598,0.60351894,0.708761892,0.747513722,0.87429026,0.872557142,0.913276838,0.960203626,
0.202210236,0.20613509,0.202313742,0.202313742,0.26566254,0.357197798,0.370908486,0.37702422,0.524885466,0.701743598,0.724128374,0.71591435,0.709931918,0.872994,0.591835084,0.920816832,0.949028828,
0.202008516,0.20613509,0.2023152,0.202577238,0.273355738,0.357729648,0.280066416,0.377879402,0.59587458,0.596278752,0.70212478,0.74145872,0.746722,0.874130538,0.698277908,0.921991294,0.936349768,
0.202165368,0.20613509,0.202008872,0.20205676,0.467907094,0.282710958,0.281440042,0.38082074,0.525677076,0.598324668,0.598453662,0.77560735,0.709885034,0.77338389,0.77454343,0.834292006,0.95801979,
0.213413146,0.206481324,0.202008872,0.20306291,0.210733198,0.208272118,0.280893732,0.37773788,0.52510467,0.59652664,0.597005576,0.71139937,0.783884084,0.771549596,0.769861864,0.92144088,0.9544084,
0.201667034,0.206994134,0.203832492,0.203832492,0.307512292,0.25579313,0.280868322,0.229673574,0.525196222,0.597208098,0.596576006,0.711992792,0.709931918,0.773563322,0.771545162,0.92112612,0.936275162,
0.202008872,0.205913942,0.202556138,0.203005562,0.35827486,0.260068416,0.277452008,0.282711728,0.596621492,0.621801432,0.70200946,0.71139937,0.70972815,0.83085913,0.833456598,0.89348417,0.9381077,
0.202726314,0.20613509,0.202146304,0.202313742,0.373210748,0.255763324,0.381635452,0.282723718,0.596810762,0.596371144,0.701297754,0.712529014,0.764081478,0.881109088,0.871856806,0.921645858,0.959164072,
0.202085626,0.206584374,0.203137616,0.203539214,0.272194172,0.27004022,0.381650576,0.227923796,0.52488456,0.596420306,0.59556407,0.711482028,0.74478265,0.827902266,0.882080574,0.898391592,0.801402828,
0.201894658,0.212662708,0.2021514,0.202008872,0.286118538,0.272174612,0.38169386,0.23010781,0.50553148,0.596347186,0.596576006,0.805044016,0.709931918,0.82943631,0.882433394,0.90414932,0.936681734,
0.203533818,0.202008872,0.21505855,0.202060736,0.244237066,0.26975203,0.381403308,0.229378112,0.377252494,0.598174006,0.7018404,0.710799516,0.78224528,0.836643132,0.882490662,0.916817244,0.960203626,
0.372535164,0.20606946,0.202293608,0.202352936,0.270645604,0.312359848,0.381780694,0.503523916,0.524213392,0.59643295,0.711050546,0.743838394,0.781533336,0.84468826,0.829814114,0.904592052,0.95856482,
0.205814254,0.220004956,0.20236242,0.202789232,0.270611494,0.27017619,0.38229262,0.37041123,0.515277526,0.596420306,0.70212478,0.711915852,0.777292402,0.874724798,0.837407368,0.904592052,0.95808921,
0.206594228,0.216294196,0.207073748,0.21649431,0.220239936,0.270099454,0.381360464,0.378553156,0.524559712,0.5983172,0.596596216,0.711651272,0.835469892,0.843520554,0.83063602,0.894260092,0.9381077,
0.201848848,0.206074402,0.263299006,0.202493654,0.207768568,0.270147142,0.38169386,0.37857072,0.515947404,0.597933268,0.70212478,0.714475636,0.811061566,0.83663827,0.87083981,0.893675578,0.94652424,
0.202535082,0.206264934,0.274852284,0.21835677,0.206442852,0.270700764,0.382032602,0.382234748,0.517642754,0.597689706,0.597798978,0.71139937,0.82113173,0.829996056,0.872627332,0.918794932,0.947676812,
0.20613509,0.20613509,0.272908444,0.202008872,0.220686298,0.370311842,0.381637712,0.378553156,0.52508713,0.59651975,0.696103428,0.708761892,0.81578572,0.835895772,0.88177076,0.924446704,0.95978165,
0.20613509,0.20613509,0.202358324,0.202611314,0.271719156,0.37471664,0.38169386,0.378348452,0.524931528,0.596352804,0.676984744,0.711438536,0.747529588,0.82943631,0.888593058,0.920563896,0.95978165,
0.20613509,0.206551802,0.203105802,0.202313742,0.27991265,0.270298636,0.381674006,0.377558402,0.52510467,0.596534408,0.699560888,0.71151437,0.768178108,0.829796112,0.833456598,0.913739842,0.93344433,
0.206481324,0.225338298,0.225901936,0.20197074,0.371037172,0.270363996,0.382156086,0.377224188,0.525085588,0.596420306,0.674711118,0.709431092,0.709915652,0.874526182,0.88767656,0.913015374,0.937647958,
0.206994134,0.20613509,0.202182036,0.205087112,0.307558776,0.27004022,0.381695458,0.378553156,0.52596056,0.596525362,0.701867408,0.723950612,0.72140835,0.836415984,0.833422294,0.926166168,0.9463236,
0.205913942,0.20274689,0.202008872,0.21505855,0.373768784,0.270073128,0.381568108,0.378608946,0.52490085,0.62190669,0.702073328,0.71591435,0.747629806,0.838226778,0.888593058,0.921886076,0.93250032,
0.20613509,0.214982822,0.215794506,0.20242721,0.281565392,0.272889878,0.381764008,0.378553156,0.598554294,0.695757088,0.699560888,0.71151437,0.37013536,0.82943631,0.872841772,0.908284422,0.958687,
0.206584374,0.202008872,0.201988158,0.211390994,0.31441974,0.373315636,0.386733034,0.37906308,0.596403558,0.623000304,0.703804588,0.807821642,0.360813468,0.83697454,0.88152858,0.888755852,0.959253526,
0.212662708,0.20595094,0.202008872,0.202218488,0.306046784,0.370750548,0.382740358,0.379317086,0.621707348,0.596420306,0.702143862,0.71139937,0.371315444,0.87325953,0.882080574,0.90074154,0.963302948,
0.202008872,0.206080518,0.202535082,0.202908288,0.31634956,0.370750548,0.381780354,0.378553156,0.596343562,0.596420306,0.702175014,0.71139937,0.839717636,0.850923352,0.888593058,0.853542342,0.958571594,
0.20606946,0.205943752,0.202008872,0.202302208,0.277954388,0.270700428,0.381750758,0.379547174,0.598188144,0.596420306,0.59643996,0.711108532,0.741424368,0.850717988,0.882695664,0.88086777,0.95843657,
0.220004956,0.205963742,0.202535082,0.202717002,0.20870218,0.370750548,0.382462228,0.37890477,0.521857656,0.525467076,0.701937086,0.750819644,0.778423704,0.835507226,0.834502832,0.87141151,0.958367628,
0.216294196,0.209521304,0.205656592,0.202386162,0.270216074,0.221633218,0.38169386,0.37874519,0.596661792,0.506274938,0.702763342,0.763881072,0.83944462,0.829336314,0.886052826,0.88121745,0.959245124,
0.206074402,0.206237292,0.202640518,0.202867746,0.376177608,0.370131946,0.382291876,0.378704642,0.596914196,0.69793768,0.702237948,0.743307354,0.79227694,0.8878488,0.870904186,0.877116162,0.960203626,
0.206264934,0.20660169,0.287657188,0.202179716,0.376450336,0.282810118,0.384563314,0.376970682,0.519385648,0.525467076,0.708111906,0.7114344,0.876033958,0.826084934,0.87226627,0.883273312,0.95923877,
0.20613509,0.206420208,0.207494846,0.202313742,0.59472076,0.28228149,0.382666892,0.37702422,0.524663448,0.597031452,0.62222673,0.748279434,0.832429566,0.83663827,0.881370838,0.8746229,0.957483388,
0.20613509,0.209521304,0.20755118,0.202282172,0.366764156,0.356150416,0.38170983,0.382234748,0.596606878,0.600832976,0.596438124,0.80618828,0.839717636,0.836438786,0.835971694,0.914221128,0.883850448,
0.206551802,0.2062895,0.207059084,0.202313742,0.341271592,0.288322768,0.382043736,0.378665632,0.59506392,0.59646276,0.70214363,0.75946404,0.776893646,0.836511136,0.89438212,0.92118142,0.946285602,
0.225338298,0.20218764,0.202620808,0.202035462,0.323675596,0.289843054,0.381501782,0.37922319,0.599267388,0.523040624,0.716626708,0.730186604,0.776910444,0.83609227,0.78603774,0.920355788,0.946527664,
0.20613509,0.206613884,0.201767268,0.272627072,0.321886462,0.370131946,0.381645654,0.378721668,0.394926456,0.524183286,0.6796485,0.763907672,0.710340338,0.835831706,0.887842856,0.876945432,0.941553404,
0.20274689,0.202008872,0.202671818,0.267581522,0.323681018,0.208197136,0.382067268,0.37702422,0.47861331,0.52549223,0.70212478,0.7642414,0.778269314,0.839782752,0.86882021,0.90591986,0.955354986,
0.214982822,0.203499326,0.20226018,0.266413554,0.205887992,0.215355216,0.370214416,0.378632986,0.544205346,0.527455606,0.702329552,0.743148422,0.840229038,0.850307488,0.899183544,0.889522876,0.959253526,
0.202008872,0.243185718,0.20196698,0.202236,0.206970202,0.261310752,0.377746516,0.37874519,0.45426051,0.701743598,0.70257578,0.708686058,0.776789566,0.836097984,0.899675262,0.87043538,0.927591024,
0.20595094,0.21069357,0.202276284,0.202561482,0.207325762,0.256558206,0.383194696,0.378372278,0.455976642,0.369808218,0.7028474,0.772034212,0.8393845,0.835923268,0.925056134,0.92631207,0.93689765,
0.206080518,0.201969094,0.202008872,0.202217218,0.206608374,0.272388876,0.38162477,0.378553156,0.406525928,0.371960352,0.70212478,0.743307354,0.839781506,0.83586138,0.893675628,0.91536839,0.93628919,
0.205943752,0.202663884,0.202008872,0.202236,0.218568216,0.59394496,0.387293178,0.377224188,0.463332608,0.59478602,0.702234444,0.757630198,0.66270287,0.871894596,0.873764402,0.871914996,0.940468812,
0.205963742,0.20332202,0.200832228,0.202008872,0.206635852,0.622070194,0.383070058,0.379461456,0.532058604,0.5948614,0.70195898,0.743583498,0.839717636,0.83811454,0.888745426,0.89683866,0.9505422,
0.209521304,0.205098314,0.20613509,0.205734446,0.206452176,0.630614758,0.37779393,0.378553156,0.386760312,0.59481514,0.70212478,0.785598818,0.84061284,0.83609227,0.856123068,0.919450836,0.946495678,
0.206237292,0.211702494,0.226796358,0.202386916,0.207282038,0.699767162,0.381868968,0.37702422,0.379540082,0.592798392,0.70212478,0.727139962,0.84391178,0.836335648,0.882710546,0.791044634,0.94930949,
0.20660169,0.204602436,0.20613509,0.202025826,0.206643908,0.699098998,0.383948324,0.377282812,0.335189658,0.59482183,0.701897232,0.743307354,0.710308992,0.83880682,0.88614229,0.904766068,0.931817454,
0.206420208,0.203031614,0.20613509,0.204720292,0.218205966,0.694521132,0.37772056,0.378553156,0.35318931,0.679220224,0.702144048,0.74160872,0.710584732,0.837140022,0.871909864,0.904357572,0.952392888,
0.209521304,0.213415838,0.206481324,0.215794506,0.217058326,0.699155496,0.38328753,0.26733365,0.335215778,0.635044598,0.70212478,0.771314194,0.74576474,0.8346819,0.92011974,0.79090196,0.945669902,
0.2062895,0.20278518,0.206994134,0.372525992,0.256310598,0.306744236,0.379329248,0.241632092,0.529512774,0.596957614,0.701663974,0.260551112,0.789125418,0.835860092,0.892106512,0.905998142,0.945937028,
0.20218764,0.202411932,0.205913942,0.370025956,0.256236062,0.26592391,0.384290994,0.216769854,0.37782229,0.603205912,0.703430294,0.771782722,0.779265188,0.850947122,0.871245962,0.921752866,0.904356658,
0.206613884,0.202264284,0.20613509,0.20332202,0.272386002,0.27192016,0.38169386,0.267109544,0.59550036,0.596120296,0.702331996,0.836103528,0.747702164,0.83758441,0.875822074,0.921490534,0.938065966,
0.202008872,0.202726314,0.206584374,0.211151188,0.271604604,0.268870798,0.377574594,0.248287124,0.61427443,0.634137014,0.702134062,0.71129379,0.839263316,0.873896386,0.902711656,0.911373768,0.959245124,
0.203499326,0.210801544,0.212662708,0.201894658,0.206840992,0.278018504,0.228123524,0.216965144,0.505739386,0.62722464,0.701856656,0.22069765,0.83452897,0.85129777,0.883775552,0.922884374,0.938364586,
0.243185718,0.213418408,0.202008872,0.202535082,0.250228598,0.27063422,0.288437692,0.288123,0.751264232,0.595131874,0.738968392,0.771314194,0.851824594,0.840798024,0.7486508,0.921886076,0.933336692,
0.21069357,0.213623332,0.20606946,0.211469926,0.31441974,0.27056184,0.294408478,0.289939448,0.75099474,0.70160302,0.70212478,0.771314194,0.7324978,0.873390528,0.88614229,0.91055725,0.959945626,
0.201969094,0.206136644,0.220004956,0.202115802,0.357799934,0.371769072,0.263652772,0.290875118,0.52489016,0.673964524,0.598382166,0.771314194,0.876277004,0.851024882,0.868353634,0.919033704,0.9592584,
0.202663884,0.202359646,0.216294196,0.20496059,0.206982526,0.326821342,0.263652772,0.27494898,0.527036398,0.628370846,0.70246954,0.758331186,0.875588012,0.837744914,0.89534332,0.922381158,0.95978165,
0.20332202,0.202792726,0.206074402,0.202217982,0.312115832,0.36596323,0.263296712,0.261270748,0.5275329,0.615933908,0.701852432,0.771075872,0.839668206,0.892052728,0.9224942,0.91995616,0.937982046,
0.205098314,0.201847932,0.206264934,0.243185718,0.270263522,0.307193182,0.377665112,0.373709136,0.295731672,0.674512394,0.718025374,0.771231044,0.84309317,0.83609227,0.870958922,0.8762337,0.95341795,
0.211702494,0.20196698,0.20613509,0.36959018,0.21867966,0.271337624,0.611028946,0.373929326,0.295995366,0.670245648,0.702061012,0.71149682,0.84026034,0.837195708,0.869550546,0.910442908,0.93334998,
0.204602436,0.203561026,0.20613509,0.20606946,0.208539756,0.307165864,0.611545796,0.375235744,0.294822676,0.64998639,0.70212478,0.71032169,0.838430974,0.83609227,0.897849914,0.882280578,0.948459704,
0.203031614,0.202460766,0.206551802,0.202486334,0.214822516,0.372797772,0.611058796,0.52422819,0.2964932,0.635582642,0.70212478,0.711856354,0.83889406,0.850205272,0.88474245,0.888745392,0.963302948,
0.213415838,0.206573572,0.225338298,0.202036938,0.52639982,0.373655024,0.611616438,0.50660555,0.296436252,0.706777792,0.702145638,0.224725336,0.83921285,0.83811454,0.841976134,0.888577198,0.95099357,
0.20278518,0.207073748,0.20613509,0.202008872,0.206116968,0.373505602,0.611505758,0.506610068,0.295760798,0.701347344,0.701747318,0.711350848,0.839717636,0.83663827,0.884807282,0.876364314,0.95827549,
0.202411932,0.202805742,0.20274689,0.201894834,0.206475326,0.308814656,0.377787432,0.507011288,0.295669698,0.703034614,0.702126708,0.708761892,0.839714212,0.836900704,0.884955196,0.869220014,0.950571184,
0.202264284,0.202290688,0.214982822,0.202129716,0.269600568,0.27004022,0.377613986,0.5212489,0.371300064,0.595623012,0.70145334,0.73710386,0.839682292,0.872668214,0.921325354,0.877513306,0.950886818,
0.210801544,0.202092574,0.20595094,0.202716718,0.374069034,0.371153826,0.381604534,0.50420114,0.376471114,0.530640392,0.70212478,0.772473788,0.84029446,0.862604954,0.883579904,0.92167974,0.951406834,
0.213418408,0.244579422,0.206080518,0.213114864,0.375015418,0.370131946,0.378886608,0.599084632,0.374785616,0.597665738,0.722726704,0.752121738,0.84036825,0.837513728,0.858616504,0.9060716,0.801402828,
0.213623332,0.202601242,0.205943752,0.202008872,0.269471666,0.270057526,0.38169386,0.374444116,0.373430216,0.595234778,0.702098042,0.751989354,0.84125871,0.897932874,0.87118501,0.878999048,,
0.206136644,0.202052086,0.205963742,0.202193782,0.291344352,0.22273269,0.375578894,0.37483795,0.373563394,0.596468798,0.702577436,0.770067718,0.838357988,0.83791327,0.88285863,0.884139286,,
0.202359646,0.207789696,0.209521304,0.24418635,0.219721234,0.373334514,0.381832954,0.374444116,0.373571932,0.701664186,0.702920088,0.765494578,0.83964704,0.83618016,0.835718066,0.897362212,,
0.202792726,0.202779858,0.206237292,0.21072702,0.250897664,0.37295101,0.38169386,0.373971928,0.52272598,0.599585562,0.679572488,0.765400654,0.84107653,0.844750292,0.87022058,0.89563179,,
0.201847932,0.211194076,0.20660169,0.213592488,0.207739478,0.371256902,0.381707532,0.37702422,0.50593648,0.59639837,0.702045236,0.751989354,0.838004966,0.83585133,0.860612052,0.845171698,,
0.20196698,0.266413554,0.206420208,0.210667034,0.206198816,0.271132136,0.377777826,0.375664208,0.522228088,0.596107842,0.667300128,0.762536914,0.838015988,0.873612334,0.849848744,0.916026172,,
0.203561026,0.20332202,0.209521304,0.202001242,0.216023386,0.274095492,0.378732248,0.37702422,0.512531632,0.674599032,0.701781504,0.766186366,0.85243265,0.837332394,0.87145038,0.87094311,,
0.202460766,0.202440568,0.2062895,0.210581662,0.206604762,0.27384709,0.38169386,0.37702422,0.602929486,0.596304066,0.70228517,0.755477344,0.82094448,0.84833389,0.899425568,0.911802866,,
0.206573572,0.251661784,0.20218764,0.266955836,0.206604762,0.2736961,0.381714066,0.37874107,0.519263686,0.596420306,0.711050546,0.781635614,0.83836089,0.875539716,0.854329406,0.878885478,,
0.207073748,0.229103584,0.206613884,0.201645246,0.209086428,0.275106518,0.371668044,0.378159792,0.505745744,0.596420306,0.70212478,0.77571062,0.841363202,0.88022982,0.837002082,0.896067116,,
0.202805742,0.202977546,0.202008872,0.203965736,0.270216074,0.37095155,0.381602988,0.377963608,0.516288426,0.597122524,0.70215331,0.785057458,0.839747428,0.87103342,0.831854278,0.888418108,,
0.202290688,0.266413554,0.203499326,0.202008872,0.207033848,0.370750548,0.38234027,0.37702422,0.52500104,0.677835858,0.714090574,0.376206744,0.83964147,0.835404082,0.894634448,0.87254412,,
0.202092574,0.26545586,0.243185718,0.21270315,0.235851624,0.269952048,0.37942341,0.377392064,0.526881918,0.60104613,0.70251971,0.683931046,0.83827646,0.875389174,0.853379376,0.90604074,,
0.244579422,0.202456034,0.21069357,0.203561026,0.206852186,0.269849976,0.38319382,0.377043552,0.596471394,0.597718676,0.687080978,0.742734824,0.83912475,0.874946476,0.852760882,0.84496554,,
0.202601242,0.202008872,0.201969094,0.20271463,0.250228598,0.27004022,0.37620118,0.383927126,0.524436618,0.587914058,0.70212478,0.779524954,0.839814056,0.836198546,0.85065975,0.888035706,,
0.202052086,0.202047282,0.202663884,0.229993208,0.252570398,0.208340112,0.38169386,0.383927126,0.59648579,0.587874846,0.701931832,0.775132406,0.83975926,0.871010202,0.884707364,0.881885114,,
0.207789696,0.201768208,0.205098314,0.203723272,0.211014108,0.261945756,0.377704764,0.378897678,0.595881896,0.707340308,0.70212478,0.764566016,0.839717636,0.836510188,0.871576506,0.884139286,,
0.202779858,0.202196246,0.211702494,0.206354374,0.26814382,0.262962854,0.37772056,0.52406983,0.52510467,0.596923288,0.708795038,0.764957894,0.84100905,0.871590992,0.898848342,0.895129878,,
0.211194076,0.202550926,0.204602436,0.217502378,0.235851624,0.370131946,0.381856202,0.291322768,0.505608192,0.596647038,0.701886982,0.763215164,0.797719722,0.853728118,0.883579904,0.913193308,,
0.266413554,0.202184276,0.203031614,0.202008872,0.206604762,0.370232108,0.377711808,0.377066406,0.300109372,0.526916136,0.70335094,0.715189008,0.8380289,0.843313418,0.831227026,0.911625372,,
0.20332202,0.202008516,0.213415838,0.202008872,0.209893622,0.306744236,0.38169386,0.310123202,0.760470634,0.53057886,0.702039396,0.79961604,0.820892176,0.837037916,0.86886784,0.87122656,,
0.202440568,0.201894834,0.20278518,0.202008872,0.225994072,0.25065066,0.37772056,0.37618266,0.524475794,0.525196634,0.70212478,0.703941724,0.839327418,0.83704747,0.880126506,0.91572261,,
0.251661784,0.226505454,0.202411932,0.213685254,0.21953423,0.30403384,0.37814848,0.377315406,0.597341014,0.519745274,0.702341752,0.7113502,0.837907252,0.83668069,0.870299374,0.858268712,,
0.229103584,0.202008872,0.202264284,0.202044252,0.206604762,0.329923588,0.385420398,0.377416322,0.59521065,0.59651495,0.70212478,0.723322328,0.83781026,0.8363382,0.869864036,0.835817726,,
0.202977546,0.244408728,0.202726314,0.202044252,0.206604762,0.370733158,0.382181024,0.377416322,0.596725056,0.701763568,0.596576006,0.710792322,0.83967304,0.853953734,0.838273328,0.916179896,,
0.266413554,0.20341719,0.210801544,0.213878816,0.20828415,0.305951888,0.381629896,0.377378174,0.373794998,0.634702338,0.70212478,0.71151063,0.820273478,0.8371276,0.890165494,0.889561408,,
0.26545586,0.202008872,0.213418408,0.250091176,0.216023386,0.37076104,0.379085716,0.360774612,0.375658242,0.520783304,0.70212478,0.71130162,0.836548966,0.86500386,0.880643614,0.91572261,,
0.202456034,0.202236,0.213623332,0.246283208,0.26814382,0.378172796,0.383046654,0.360287752,0.37394481,0.52836496,0.70625246,0.711355214,0.839126532,0.876044126,0.871247104,0.895983372,,
0.202008872,0.238422176,0.206136644,0.290256382,0.258094294,0.265384162,0.38169386,0.363546364,0.373648254,0.51932555,0.702527284,0.71139937,0.84003198,0.8811999,0.878356066,0.89743929,,
0.202047282,0.23484159,0.202359646,0.243349572,0.207179918,0.365561884,0.384718142,0.373991458,0.376391282,0.595735192,0.738968392,0.711365606,0.839716072,0.88229806,0.897215836,0.846441034,,
0.201768208,0.202093886,0.202792726,0.243349572,0.207018066,0.370311842,0.381626216,0.378553156,0.373897798,0.596013868,0.702145104,0.711426976,0.841379106,0.838591582,0.919573154,0.877559942,,
0.202196246,0.210859024,0.201847932,0.244266546,0.207375946,0.617812616,0.381869442,0.376952996,0.292777644,0.52439857,0.70252964,0.765498362,0.839717636,0.874653212,0.879624022,0.917608932,,
0.202550926,0.20236893,0.203561026,0.20343651,0.270216074,0.373315636,0.381745856,0.374205102,0.3767165,0.596585412,0.701387764,0.777416698,0.84350289,0.851024882,0.880444898,0.896854564,,
0.211469926,0.202165368,0.202460766,0.260085904,0.272386002,0.373393494,0.383580904,0.50704617,0.373563394,0.525769,0.70290599,0.840069324,0.839376982,0.87414439,0.871359268,0.871116454,,
0.201487508,0.20252415,0.206573572,0.229001096,0.250228598,0.374018204,0.387369954,0.506277338,0.374339648,0.595678948,0.709470774,0.711385106,0.839028012,0.83468419,0.93548307,0.897632362,,
0.20189581,0.20207667,0.202805742,0.201579232,0.20741381,0.270557682,0.379113238,0.5248497,0.377417794,0.596420306,0.70198618,0.771255516,0.83498629,0.83663827,0.92586249,0.895451374,,
0.202128224,0.20318433,0.202290688,0.202283108,0.207068934,0.369691402,0.37772056,0.523731284,0.37397815,0.59720521,0.702148854,0.771314194,0.83958954,0.83759319,0.870037888,0.865270952,,
0.202487006,0.202224966,0.202092574,0.20613509,0.227450672,0.25561764,0.37773022,0.37702422,0.377593634,0.59640466,0.706067488,0.741423472,0.839717636,0.874447326,0.900153752,0.89503682,,
0.201894658,0.202369252,0.244579422,0.20613509,0.373277234,0.255832632,0.37772056,0.378010964,0.373563394,0.597284788,0.72684152,0.739312504,0.846821978,0.837525032,0.886762948,0.871147042,,
0.201593398,0.241619778,0.202601242,0.20613509,0.270553656,0.263618132,0.37772056,0.374200132,0.37419546,0.596310512,0.214136896,0.683631454,0.842047884,0.84293884,0.85559132,0.872651066,,
0.24490957,0.235099772,0.202052086,0.206481324,0.293021934,0.269925102,0.37741875,0.37420279,0.376260988,0.596420306,0.699565718,0.77572672,0.837880098,0.89468691,0.901005578,0.872669114,,
0.202311884,0.235162038,0.207789696,0.206994134,0.29193981,0.27084782,0.386139702,0.37420279,0.377593634,0.63587641,0.700419734,0.723322328,0.854070144,0.876902074,0.92500641,0.902573658,,
0.201869932,0.229115932,0.202779858,0.205913942,0.3729671,0.27298975,0.378019338,0.377333332,0.374717526,0.59653375,0.70160643,0.775778078,0.84790161,0.836041202,0.934320018,0.848018502,,
0.210859024,0.203942244,0.211194076,0.20613509,0.215998598,0.2687665,0.386130224,0.374811914,0.376521234,0.67669461,0.702092108,0.71139937,0.839299946,0.82943631,0.869864036,0.89612955,,
0.20236893,0.20194874,0.266413554,0.206584374,0.259587548,0.27018136,0.37772056,0.37702422,0.376571532,0.667860074,0.369777382,0.74620043,0.840714398,0.873569864,0.870419712,0.895070762,,
0.202736558,0.202213302,0.20332202,0.212662708,0.25884204,0.27289838,0.377539454,0.374326986,0.37831819,0.59644205,0.366967514,0.771090986,0.838711234,0.83663827,0.86819086,0.884911472,,
0.201894658,0.202265446,0.202440568,0.220004956,0.32525425,0.281106354,0.37924255,0.37710541,0.37782229,0.597434436,0.369826102,0.757489,0.839650278,0.876902074,0.892207082,0.895191374,,
0.202008872,0.204003672,0.251661784,0.20784746,0.20677291,0.270033078,0.512176854,0.374200132,0.376471114,0.596415364,0.369846028,0.71152116,0.790472994,0.838593546,0.898283152,0.894204214,,
0.202008872,0.327571324,0.229103584,0.206074402,0.207076492,0.37049651,0.380153898,0.374339194,0.376578962,0.59591506,0.374625968,0.76594002,0.840827624,0.771790612,0.890815404,0.896680706,,
0.201802058,0.202008872,0.202977546,0.206264934,0.206604762,0.311794108,0.51218424,0.377797766,0.376488032,0.596420306,0.588174938,0.758208056,0.753471868,0.814873346,0.838872874,0.897389828,,
0.202554968,0.202008872,0.266413554,0.20613509,0.206824116,0.370756838,0.52649941,0.374200132,0.376510796,0.596923288,0.596063712,0.807941,0.78695792,0.77338389,0.930137064,0.917085728,,
0.202098482,0.202092574,0.26545586,0.20613509,0.206550974,0.369907044,0.381613568,0.374328108,0.376471114,0.506528502,0.594962548,0.77048328,0.709931918,0.862648746,0.897337664,0.884911472,,
0.202008872,0.20202083,0.202456034,0.206551802,0.207302452,0.35746798,0.381677466,0.37758159,0.376502488,0.59695356,0.688602422,0.77303403,0.73593251,0.874724798,0.89451612,0.870831644,,
0.2030776,0.202022906,0.202008872,0.225338298,0.21080438,0.35712878,0.381658302,0.377516592,0.384576612,0.596923288,0.593205556,0.717526174,0.78622599,0.87612496,0.86269055,0.89649488,,
0.212895542,0.202008872,0.202047282,0.20613509,0.213614382,0.37306239,0.37767585,0.38300158,0.374426268,0.596923288,0.698289714,0.806042318,0.783678056,0.75368197,0.894107574,0.926725902,,
0.20205676,0.203105802,0.202196246,0.20274689,0.22246005,0.370506388,0.339475984,0.374200132,0.525284602,0.597019922,0.703588746,0.771936806,0.795313416,0.830424604,0.872111932,0.836376342,,
0.201689408,0.202008872,0.202550926,0.214982822,0.221747668,0.311314056,0.377746516,0.37996749,0.592231912,0.59657364,0.701568116,0.71125745,0.840574746,0.776015606,0.884941162,0.926725902,,
0.222275268,0.201931624,0.226615728,0.20595094,0.20788786,0.357124108,0.381675424,0.37702422,0.59600958,0.52652364,0.706912898,0.782408504,0.841867916,0.827871586,0.893907296,0.922169824,,
0.202007026,0.20192705,0.29459655,0.206080518,0.207124328,0.3569144,0.383207524,0.377917832,0.505885812,0.603633864,0.712669246,0.771314194,0.800043414,0.793299578,0.89128062,0.890155962,,
0.203268468,0.201664086,0.36916815,0.205943752,0.206604762,0.220023742,0.392307482,0.374236776,0.505914808,0.599407492,0.72888032,0.7668187,0.798246704,0.831721172,0.897926894,0.927927614,,
0.205241026,0.20315061,0.370155828,0.205963742,0.226892168,0.21926672,0.319361162,0.378654244,0.38338413,0.58781524,0.701639494,0.773545514,0.821338046,0.837552944,0.849654106,0.913811078,,
0.207583766,0.201802058,0.200888728,0.209521304,0.226266166,0.268745196,0.379526768,0.377513404,0.383106146,0.596289248,0.634683996,0.767760822,0.81635616,0.880579592,0.852842568,0.921886076,,
0.201894658,0.202219218,0.21463115,0.206237292,0.206868194,0.370750548,0.382021832,0.376353932,0.596762614,0.59669295,0.738623034,0.768398628,0.793952276,0.833055902,0.84242225,0.88759495,,
0.201857452,0.201976268,0.211469926,0.20660169,0.206604762,0.268146064,0.382032602,0.387985562,0.59737425,0.6274279,0.705437764,0.772523944,0.874136046,0.87422956,0.870939232,0.871085698,,
0.216710404,0.262260798,0.221504516,0.206420208,0.206409506,0.256010766,0.258188512,0.377071862,0.59591074,0.598086108,0.70170391,0.782408504,0.841726538,0.836728926,0.882465914,0.89649488,,
0.202231284,0.20205676,0.2021034,0.209521304,0.20655167,0.374186504,0.377665112,0.377256838,0.52510467,0.596420306,0.738875672,0.751989354,0.783500644,0.885877752,0.870333314,0.895628682,,
0.201985342,0.212895542,0.370025956,0.2062895,0.281692092,0.370750548,0.229674856,0.374390668,0.525572088,0.701796546,0.7290105,0.771324718,0.777292402,0.82865034,0.89405588,0.92168784,,
0.204485832,0.212039516,0.203763782,0.20218764,0.289722068,0.272205996,0.526451736,0.377657184,0.52501583,0.70600661,0.750645862,0.771481756,0.789014348,0.822126586,0.8343098,0.91889716,,
0.202010238,0.202008872,0.210859024,0.206613884,0.27060544,0.371179078,0.282520526,0.374199012,0.736608614,0.59642828,0.747748892,0.77134826,0.709967888,0.752824906,0.871750064,0.884911472,,
0.20391172,0.202247808,0.20236893,0.202008872,0.207447948,0.307617412,0.283695786,0.374182058,0.70149738,0.597703092,0.750645862,0.798266456,0.70936356,0.83663827,0.849472784,0.870521828,,
0.21608816,0.21101481,0.202165368,0.205276902,0.269906128,0.370858956,0.316326162,0.375275224,0.702393188,0.525536006,0.706921418,0.770792056,0.790932234,0.872415066,0.83307945,0.92159154,,
0.270860528,0.202561482,0.201894834,0.21069357,0.210479418,0.275426696,0.370908486,0.374276188,0.72067769,0.528464704,0.754003742,0.771363068,0.709931918,0.87812984,0.850291768,0.87497602,,
0.259341344,0.20214336,0.203108628,0.201969094,0.213772188,0.27084782,0.370908486,0.524588922,0.707907486,0.626972824,0.750478214,0.7708164,0.772665098,0.874862444,0.835288048,0.885987092,,
0.20133897,0.207904956,0.202534314,0.202663884,0.21094124,0.271175502,0.370908486,0.373929326,0.736550392,0.67905709,0.738781146,0.771314194,0.776057206,0.87477368,0.841834352,0.887478,,
0.210033564,0.202008872,0.20220979,0.205098314,0.262022202,0.373393032,0.371115858,0.374221544,0.525320344,0.596420306,0.750645862,0.771058106,0.777073784,0.674674308,0.835102934,0.921533142,,
0.302159504,0.205957722,0.206546648,0.211702494,0.270293544,0.27072373,0.280748376,0.373929326,0.524794728,0.595948286,0.725226014,0.703952154,0.776785336,0.874658088,0.83296294,0.918019202,,
0.239580172,0.202731282,0.210667034,0.204602436,0.270216074,0.270736454,0.37772056,0.374683074,0.525251738,0.599797796,0.750792408,0.711461254,0.817201224,0.838185824,0.896427768,0.883344028,,
0.210356296,0.202374818,0.20499748,0.203031614,0.271527656,0.27098248,0.37772056,0.373886964,0.50586181,0.59991613,0.738981134,0.771314194,0.852156932,0.836655544,0.85055094,,,
0.2160371,0.201767268,0.202329774,0.213415838,0.246448454,0.271074214,0.382421614,0.375951164,0.596606878,0.596420306,0.749122546,0.721272652,0.77825859,0.873147454,0.872662106,,,
0.206590582,0.24418635,0.20202883,0.20278518,0.2066061,0.37073962,0.37799165,0.373970126,0.59658344,0.595797314,0.714655868,0.770481028,0.83952606,0.874724798,0.836203316,,,
0.204762204,0.20387768,0.202008872,0.202411932,0.263461214,0.37326802,0.37770866,0.374645306,0.596606878,0.5948614,0.739405368,0.808897488,0.77839156,0.874724798,0.871560422,,,
0.22133625,0.202139976,0.205585096,0.202264284,0.263828548,0.272333132,0.377515136,0.373796592,0.596637706,0.59648587,0.772127092,0.771373644,0.737537958,0.837037916,0.86992322,,,
0.20334713,0.210667034,0.207368778,0.202726314,0.210557968,0.270829252,0.377732066,0.374544066,0.59750342,0.701455334,0.76491302,0.775419386,0.778505752,0.87382809,0.86771335,,,
0.208198712,0.202008872,0.241619778,0.210801544,0.264097716,0.270916586,0.377442326,0.376003462,0.596606878,0.69917468,0.71525711,0.771085936,0.786262742,0.864293814,0.869610968,,,
0.364843924,0.202146052,0.205438606,0.213418408,0.271108794,0.373226416,0.38176427,0.374181538,0.596606878,0.702966608,0.707692712,0.741625382,0.71427731,0.873517178,0.873083404,,,
0.281071332,0.204207528,0.250025808,0.213623332,0.218985786,0.370977652,0.377753334,0.375447892,0.505910922,0.62241304,0.692278432,0.81344609,0.7078665,0.874652762,0.885634028,,,
0.248749716,0.20176938,0.245806426,0.206136644,0.224608108,0.253710722,0.37772056,0.374200132,0.596606878,0.700619906,0.725900786,0.71588907,0.747513722,0.83663827,0.872566556,,,
0.274952372,0.202008872,0.245992754,0.202359646,0.226110098,0.373529566,0.378019338,0.374792562,0.52535714,0.701743598,0.765857898,0.751976094,0.747867452,0.88567068,0.83584558,,,
0.27427948,0.218483632,0.2544708,0.202792726,0.22330633,0.371019552,0.37770866,0.373960082,0.596616924,0.607360166,0.701816762,0.770764634,0.740388214,0.87336679,0.89438212,,,
0.23565547,0.205795464,0.21161504,0.201847932,0.226978884,0.370193444,0.377769554,0.374546838,0.595074932,0.700970406,0.698461386,0.771314194,0.796987392,0.887185372,0.87396352,,,
0.208967428,0.21072767,0.245806426,0.20196698,0.224572272,0.227546564,0.38169386,0.373911018,0.596427942,0.67843045,0.764839258,0.771314194,0.782518132,0.874724798,0.896532034,,,
0.202662546,0.212830344,0.24949732,0.202460766,0.224608108,0.208602648,0.378154332,0.374406586,0.524184028,0.701627008,0.636163458,0.80189899,0.709931918,0.85143904,0.870738914,,,
0.203101078,0.203078328,0.246138762,0.206573572,0.226029128,0.304691628,0.378177488,0.37402433,0.50332386,0.627399582,0.597545574,0.76561244,0.710097098,0.872925474,0.835721992,,,
0.204447682,0.218631604,0.245806426,0.207073748,0.22660426,0.270985328,0.377761936,0.380013314,0.527984228,0.701543588,0.702288416,0.775334246,0.793574538,0.89076195,0.87396352,,,
0.244446536,0.201810188,0.245806426,0.202805742,0.22591849,0.27004022,0.378066726,0.373929326,0.522531788,0.595234778,0.70235754,0.772230684,0.747513722,0.87546337,0.834115606,,,
0.207568928,0.201918416,0.202008872,0.202290688,0.224938528,0.373655146,0.382266146,0.373955488,0.512198276,0.59523995,0.702019882,0.774857316,0.777292402,0.873372068,0.885741674,,,
0.21606475,0.265780282,0.244516584,0.202092574,0.241192084,0.37371102,0.37773914,0.374299064,0.523501266,0.597557528,0.70220191,0.77571062,0.773704566,0.872692724,0.91106434,,,
0.202008872,0.20428515,0.202843386,0.244579422,0.225103034,0.371114316,0.268586772,0.373929326,0.526571408,0.59468812,0.70181464,0.765722678,0.752431498,0.87645783,0.870368128,,,
0.201894658,0.211409938,0.202213822,0.202601242,0.228626386,0.372463492,0.295170804,0.373929326,0.524002738,0.596367886,0.595404386,0.835539132,0.710210106,0.873365364,0.93331386,,,
0.203328144,0.202756716,0.202036938,0.202052086,0.235934486,0.270585246,0.377763734,0.374717646,0.60387883,0.611460308,0.604420052,0.776463616,0.71540307,0.874689616,0.871970052,,,
0.202008872,0.201766042,0.202128128,0.207789696,0.227378914,0.291949104,0.37772385,0.373929326,0.525062572,0.59643086,0.702773256,0.52689453,0.750039144,0.874724798,0.890276232,,,
0.202242272,0.202447852,0.202050724,0.202779858,0.224971208,0.29128786,0.378533984,0.37430411,0.524605526,0.59998178,0.70218812,0.77389209,0.709903952,0.836766016,0.901987154,,,
0.202189018,0.202152362,0.20219623,0.211194076,0.225150652,0.372087298,0.377665112,0.364901128,0.519598098,0.596235202,0.70212478,0.77389209,0.77702345,0.874351302,0.92466809,,,
0.201955418,0.20219636,0.287032296,0.20332202,0.268351804,0.217981166,0.377660556,0.37729615,0.524098684,0.596787018,0.702308048,0.77572838,0.747513722,0.836228636,0.871921148,,,
0.211937556,0.202008872,0.201974618,0.202440568,0.270216074,0.259329518,0.377671304,0.37876585,0.524797528,0.597493298,0.702137526,0.78332869,0.709993068,0.874724798,0.833539804,,,
0.20245617,0.20355515,0.210204096,0.251661784,0.35652104,0.26020862,0.377581934,0.374066236,0.52490546,0.596420306,0.70208559,0.77148425,0.709931918,0.88003538,0.766231082,,,
0.21259173,0.202648354,0.203722114,0.229103584,0.219320458,0.325271872,0.378535342,0.37715739,0.5249794,0.59642589,0.702224526,0.776381108,0.76573044,0.873913096,0.832991036,,,
0.20356923,0.203919996,0.203864862,0.202977546,0.210642796,0.208403742,0.377773766,0.37702422,0.373796498,0.597024286,0.745645808,0.780946722,0.706278312,0.87479211,0.89420556,,,
0.241272176,0.202927886,0.255339296,0.266413554,0.210642796,0.208856054,0.378440162,0.378214168,0.597125642,0.625981888,0.70212478,0.771683988,0.709362396,0.83783836,0.919278986,,,
0.210808926,0.202654246,0.232376418,0.26545586,0.20882759,0.208232242,0.384470342,0.353339036,0.59689739,0.599023908,0.738968392,0.77566017,0.749190396,0.834958088,0.894453978,,,
0.208300386,0.202008872,0.213385072,0.202456034,0.3144494,0.209141182,0.377789012,0.378687728,0.376471114,0.59639878,0.596433912,0.77563519,0.748217832,0.771838246,0.835417282,,,
0.212417848,0.201894658,0.244255588,0.202008872,0.313983052,0.208565776,0.377665112,0.376884084,0.595766276,0.597961266,0.711628474,0.775534814,0.746762588,0.705529618,0.848949474,,,
0.203569176,0.20214429,0.202311884,0.202047282,0.314105762,0.208267872,0.378159406,0.380167246,0.373597916,0.59567691,0.701822898,0.775830732,0.709748772,0.850679802,0.899580052,,,
0.201894658,0.202008872,0.203682132,0.201768208,0.215768204,0.208630718,0.378159406,0.600239752,0.376569992,0.597297104,0.70212478,0.770226178,0.709795714,0.835810498,0.884201432,,,
0.202004838,0.202184276,0.218298566,0.202196246,0.206581222,0.212607148,0.377972754,0.442555678,0.595850652,0.596418318,0.701455436,0.775150098,0.763675778,0.850791434,0.835829458,,,
0.20114815,0.203018706,0.202073188,0.202550926,0.217892652,0.21614905,0.377678356,0.384528928,0.596606878,0.596318278,0.723810122,0.771314194,0.747932342,0.88746908,0.897441966,,,
0.20611718,0.201838048,0.22816045,0.217148774,0.314552104,0.223621496,0.37790397,0.377164002,0.612568734,0.596420306,0.70215137,0.775150098,0.709931918,0.824128552,0.756659858,,,
0.26819252,0.201955572,0.28017442,0.245887942,0.314450174,0.224264044,0.378229694,0.375048052,0.59877694,0.595228186,0.701114388,0.753381764,0.763986306,0.876114364,0.873717076,,,
0.201689228,0.202008872,0.204443238,0.202654246,0.269974434,0.209355494,0.377665112,0.378159792,0.378000706,0.59844678,0.705509902,0.770085614,0.724500206,0.855142152,0.92070913,,,
0.203076536,0.201955572,0.235027698,0.211735656,0.277588666,0.208799212,0.377695224,0.374256304,0.525589612,0.596231324,0.71427155,0.763813032,0.709916614,0.83663827,0.885786572,,,
0.202802462,0.201869608,0.202354572,0.21562641,0.274479582,0.211562714,0.37779243,0.378049444,0.596585752,0.596420306,0.702677378,0.77485216,0.709886482,0.853041398,0.894304328,,,
0.201760132,0.201869608,0.202008872,0.20237912,0.264583344,0.208232242,0.378020282,0.395024126,0.377194568,0.595252198,0.702255972,0.793525974,0.709297634,0.83663827,0.892658408,,,
0.20233996,0.201771426,0.210485712,0.217169408,0.269709896,0.227530248,0.377790434,0.377014138,0.376471114,0.5969644,0.767235012,0.774416458,0.7099316,0.836708968,0.834879304,,,
0.203062596,0.201828918,0.202008872,0.20363066,0.304089004,0.227022252,0.377749806,0.384011988,0.376722294,0.59694212,0.697253368,0.775662048,0.748110254,0.837501568,0.87233706,,,
0.202105168,0.250805314,0.20252415,0.20682227,0.306579948,0.208604938,0.37766961,0.37702422,0.376471114,0.596722234,0.702140644,0.739365628,0.709973002,0.869102152,0.876416548,,,
0.20193249,0.244554002,0.202259022,0.21089144,0.304749908,0.208232242,0.377665112,0.39440551,0.376879248,0.63683902,0.702808608,0.71591435,0.782790028,0.872281514,0.882025094,,,
0.201860466,0.202123076,0.202008872,0.218933894,0.271130894,0.208914796,0.378110718,0.377325738,0.376469228,0.623278946,0.702199874,0.780946722,0.709931918,0.851992272,0.89438212,,,
0.201925142,0.278354346,0.201955572,0.219909224,0.306810376,0.208299308,0.377698512,0.377367986,0.377214394,0.701639654,0.702854734,0.752056746,0.782273152,0.874202324,0.895679362,,,
0.201969204,0.20782277,0.203124018,0.235484394,0.27309366,0.280932172,0.370741222,0.378054728,0.376449494,0.674769846,0.72925997,0.776493476,0.777292402,0.874523334,0.83302639,,,
0.202037896,0.215921844,0.201955572,0.201645996,0.307063718,0.288896374,0.377718308,0.374463712,0.5945988,0.702521022,0.596576006,0.79271627,0.7317869,0.83731411,0.87055492,,,
0.202082384,0.219927808,0.201869608,0.26448843,0.31569978,0.270770514,0.378198798,0.377981234,0.596453048,0.701743598,0.72858834,0.774246346,0.78211243,0.7468023,0.897283982,,,
0.216580986,0.203818312,0.202447008,0.202008872,0.216921022,0.357796388,0.377665112,0.506996884,0.52817348,0.603426416,0.729209094,0.782408504,0.783363838,0.83663827,0.872657614,,,
0.201896882,0.201889884,0.202008872,0.202535082,0.273177982,0.286181856,0.377665112,0.507603872,0.528300612,0.70582368,0.70212478,0.775161618,0.794276232,0.873882476,0.834374834,,,
0.201534368,0.202156068,0.201955572,0.210859024,0.307159804,0.357767036,0.377849854,0.50755583,0.59673035,0.59821407,0.711050546,0.773252526,0.746156508,0.844336028,0.870895398,,,
0.202619696,0.216971964,0.20613509,0.20236893,0.33819178,0.357729648,0.379977072,0.374200132,0.373563394,0.70164923,0.59603748,0.776291384,0.777292402,0.836717492,0.87396352,,,
,0.204471818,0.201955572,0.202165368,0.24642153,0.357729648,0.377572806,0.507075026,0.376936908,0.70189486,0.595860294,0.775294138,0.74742412,0.855405338,0.869170772,,,
,0.227883476,0.201838048,0.211725192,0.241043068,0.357727384,0.377758674,0.506965012,0.375225698,0.233210228,0.62910321,0.773349402,0.758859932,0.863530256,0.835136722,,,
,0.30767143,0.202120962,0.214407018,0.248441468,0.358301974,0.377705058,0.506965012,0.596606878,0.596319552,0.743883588,0.77260223,0.709743928,0.87429199,0.880339654,,,
,0.209941896,0.203054138,0.210980648,0.217152116,0.357729648,0.377765434,0.506965012,0.524840154,0.596420306,0.70276946,0.774198122,0.777254528,0.836581712,0.932517568,,,
,0.268040092,0.202008872,0.202008872,0.245313624,0.360835482,0.377776356,0.5068105,0.376813232,0.60058565,0.708264678,0.753243694,0.73203132,0.8754798,0.87227232,,,
,0.210479648,0.205936248,0.20202883,0.242598228,0.360970222,0.383801318,0.378045342,0.377498166,0.594942758,0.674778928,0.75921603,0.709931918,0.776887454,0.7458551,,,
,0.202008872,0.206680248,0.202008872,0.217152116,0.375273388,0.377335048,0.373938894,0.376989108,0.597284788,0.70212478,0.774122058,0.707543724,0.838091552,0.8844871,,,
,0.20254655,0.202319158,0.210485712,0.37649023,0.35799783,0.37458077,0.374134788,0.50564449,0.596371144,0.703351808,0.775947798,0.839717636,0.89027934,0.832556162,,,
,0.229273082,0.201691732,0.202008872,0.270216074,0.357729648,0.377802976,0.376535844,0.376126166,0.596194346,0.702448376,0.80618828,0.78211694,0.836653016,0.87233647,,,
,0.20284479,0.201955572,0.202214658,0.308936788,0.358188598,0.377789462,0.373866756,0.37665735,0.596420306,0.733136556,0.753200752,0.77623466,0.831965976,0.87357325,,,
,0.212717222,0.202008872,0.202354572,0.218468368,0.357729648,0.377655946,0.374573164,0.52503291,0.596420306,0.701664772,0.77566017,0.777892808,0.83653073,0.835417282,,,
,0.212863924,0.20247141,0.202535082,0.284095136,0.357890208,0.377685636,0.374401304,0.373563394,0.598217844,0.597102982,0.775093108,0.778573004,0.83663827,0.87396352,,,
,0.276391632,0.306193016,0.202008872,0.368962524,0.357729648,0.3777341,0.37446618,0.52509115,0.605363154,0.598699428,0.775632508,0.772568908,0.83663827,0.892819996,,,
,0.20628366,0.202581258,0.211471498,0.315397696,0.360835482,0.377665112,0.374805162,0.505878408,0.62269257,0.596920384,0.776647098,0.77785567,0.836425956,0.900257168,,,
,0.202426142,0.213685254,0.214514086,0.358105218,0.357729648,0.378648612,0.374066236,0.377668552,0.596425226,0.765449522,0.775778078,0.778573004,0.8377905,0.823392608,,,
,0.214659084,0.203098744,0.202987262,0.371496228,0.357828758,0.377603336,0.376761462,0.525112628,0.597631074,0.702020426,0.790331858,0.73962371,0.874285542,0.873279324,,,
,0.202934854,0.201848222,0.20287448,0.315686812,0.357729648,0.378470432,0.380802116,0.524603112,0.596725292,0.702939412,0.774253754,0.840373442,0.836251104,0.894073288,,,
,0.202311884,0.202008872,0.223270458,0.292785972,0.376521916,0.377586608,0.373961226,0.52510467,0.596210602,0.678489206,0.774951712,0.759751822,0.829007146,0.87128677,,,
,0.211863678,0.201632686,0.20219623,0.225545884,0.373300178,0.37793074,0.372957864,0.52510467,0.652294766,0.702224646,0.775676654,0.781982294,0.77859445,0.832604294,,,
,0.260954744,0.202011802,0.205015444,0.2188021,0.207486414,0.378104758,0.374312376,0.505143984,0.527962936,0.70194099,0.774106316,0.77846232,0.83822478,0.85506628,,,
,0.239354696,0.202045226,0.207615038,0.37130564,0.370131946,0.379381364,0.37461784,0.506548914,0.6232039,0.70595216,0.775711746,0.788096268,0.851994728,0.932951164,,,
,0.20700374,0.206178072,0.202287066,0.22122216,0.373770224,0.377326384,0.374121742,0.525245608,0.596391626,0.704587196,0.835680704,0.790573782,0.835518746,0.932517568,,,
,0.283202648,0.206512122,0.21457555,0.270252304,0.361012162,0.377747048,0.3756203,0.52510467,0.595587004,0.713383896,0.836018942,0.778444344,0.838226778,0.894392628,,,
,0.209077876,0.201813532,0.27009482,0.270216074,0.373354022,0.380657598,0.373989188,0.524914848,0.685432136,0.674762618,0.80699552,0.776586024,0.835680928,0.85342785,,,
,0.207163826,0.201930928,0.202008872,0.318572676,0.370750548,0.377665112,0.380664956,0.524598538,0.59586828,0.72997188,0.77617877,0.80391408,0.874724798,0.881336862,,,
,0.311818702,0.20428145,0.28537954,0.372415656,0.383329892,0.377977662,0.373929326,0.374447222,0.525396502,0.702041308,0.773271814,0.775889986,0.871666612,0.89458371,,,
,0.203018846,0.206657786,0.240394718,0.209077752,0.270115144,0.378418402,0.373929326,0.525244636,0.52548768,0.702089684,0.784922168,0.780572366,0.883102308,0.834879304,,,
,0.208038358,0.202509794,0.259070196,0.271270882,0.270940774,0.37011894,0.373929326,0.376471114,0.596473904,0.757928796,0.751220978,0.784131428,0.871882368,0.853752164,,,
,0.2063729,,0.229522268,0.22054583,0.270028646,0.377807326,0.373930412,0.596606878,0.596712412,0.759463846,0.760220214,0.777892808,0.876014024,0.871220236,,,
,0.209785194,,0.21499504,0.21448562,0.272302402,0.377861652,0.379726308,0.596590092,0.596420306,0.71114512,0.76725809,0.800089888,0.875639724,0.849974538,,,
,0.201946646,,0.218666468,0.206182562,0.37414975,0.382526652,0.373929326,0.596606878,0.596420306,0.754216526,0.748113262,0.74676185,0.872713862,0.871220236,,,
,0.22207283,,0.216337938,0.270227314,0.255763324,0.381693524,0.373929326,0.52510467,0.59440712,0.759126604,0.76948233,0.777728448,0.874890168,0.80718165,,,
,0.202491204,,0.21143884,0.270216074,0.358972452,0.381831418,0.374035742,0.52515906,0.596516642,0.757793862,0.805315774,0.780180618,0.87512254,0.87408621,,,
,0.208597914,,0.220466006,0.270234738,0.277121054,0.382235596,0.373953818,0.596305952,0.525731612,0.757498676,0.744714302,0.776765444,0.849220044,0.833850894,,,
,0.20532721,,0.20286599,0.27016574,0.2700764,0.377741468,0.373929326,0.596682038,0.596420306,0.760176074,0.743679036,0.779707216,0.872282392,0.886861734,,,
,0.20445782,,0.265892992,0.270805512,0.270249866,0.298176468,0.374137084,0.596584754,0.596131782,0.72087899,0.759586002,0.78829384,0.873778466,0.871393792,,,
,0.241173152,,0.217713194,0.26433873,0.221729106,0.380026628,0.373928008,0.59659778,0.596400286,0.756542732,0.768126278,0.778573004,0.835306104,0.876787454,,,
,0.213349214,,0.213878816,0.289298508,0.270120072,0.378186402,0.376823284,0.523964778,0.596237404,0.597102982,0.711562902,0.778548526,0.873913762,0.885919692,,,
,0.202399764,,0.202133534,0.371496228,0.21926672,0.280066416,0.373927974,0.626971582,0.59635139,0.597102982,0.730774992,0.779613214,0.878654546,0.88699522,,,
,0.319124732,,0.20407361,0.269427636,0.22156373,0.37772056,0.373929326,0.588739764,0.596372634,0.597260674,0.79674726,0.772528648,0.854502354,0.893850086,,,
,0.256220646,,0.202663926,0.289051956,0.270715766,0.377665112,0.37400011,0.525141896,0.526086914,0.598055552,0.74338474,0.840229038,0.7990922,0.872379994,,,
,0.21606475,,0.201642138,0.21804104,0.27008832,0.38169386,0.373929326,0.524957096,0.598324668,0.702503908,0.726435698,0.77673695,0.83689744,0.83406626,,,
,0.202231284,,0.218144898,0.20649607,0.218283288,0.279672082,0.373929326,0.5253714,0.506672986,0.597102982,0.759322966,0.814778694,0.87494121,0.8723742,,,
,0.202094726,,0.211472132,0.208365568,0.355599286,0.283052642,0.377162752,0.594597724,0.59853294,0.691407042,0.785507542,0.777292402,0.836283748,0.80718165,,,
,0.25033084,,0.206512122,0.215072352,0.27004022,0.283052642,0.375203374,0.59840764,0.525407352,0.59808452,0.71139937,0.786178206,0.836091268,0.835506172,,,
,0.203569176,,0.202146304,0.206492294,0.27004022,0.28348592,0.373773218,0.596606878,0.596440756,0.59711023,0.743444688,0.769120568,0.83663827,0.89518845,,,
,0.201838048,,0.202118812,0.218178198,0.270131932,0.279599612,0.3742082,0.59856094,0.596420306,0.598679146,0.743779208,0.785295332,0.703782568,0.893962498,,,
,0.204344756,,0.210667034,0.20642181,0.35730871,0.377648626,0.380015312,0.596606878,0.59646419,0.702076254,0.742680526,0.772175876,0.83672784,0.89438212,,,
,0.204232266,,0.210848748,0.218072782,0.27070713,0.280188344,0.374549982,0.607195122,0.595160978,0.59711023,0.71139937,0.78079959,0.868487978,0.834980778,,,
,0.310733938,,0.211789116,0.207778122,0.270907452,0.28058325,0.36084069,0.52887719,0.525521646,0.596961112,0.76413588,0.768178108,0.783561,0.89448667,,,
,0.201894834,,0.210463678,0.206891592,0.374271778,0.381881254,0.36416147,0.508615862,0.598324668,0.702125874,0.775415498,0.779194548,0.829642146,0.872086852,,,
,0.202025234,,0.211469926,0.20709185,0.271576672,0.382223142,0.360774612,0.59587458,0.600406186,0.59840953,0.743143552,0.83876397,0.844957342,0.83543569,,,
,0.203119302,,0.219314502,0.208793168,0.27004022,0.38488899,0.360729968,0.526376776,0.596138242,0.702047582,0.77092109,0.78695792,0.80366257,0.848682368,,,
,0.20225388,,0.21482975,0.208537784,0.330615076,0.38174986,0.360879006,0.50849263,0.598125752,0.752410554,0.71142269,0.777569802,0.77189521,0.83414283,,,
,0.203339202,,0.210636588,0.21718641,0.313297714,0.28007321,0.364028182,0.595823002,0.596331966,0.70212478,0.748295746,0.777556892,0.83605065,0.872217952,,,
,0.202447008,,0.220716798,0.207776218,0.36426615,0.279672082,0.360774612,0.52911539,0.596420644,0.703010652,0.707450778,0.782258482,0.882230562,0.871253274,,,
,0.202492758,,0.213415838,0.217415624,0.36091511,0.279672082,0.360774612,0.527255682,0.596420306,0.743085712,0.71139937,0.838823016,0.83663827,0.872317182,,,
,0.20241374,,0.21802264,0.219490418,0.27004022,0.275724734,0.361391298,0.509331576,0.596476068,0.750478214,0.734545734,0.779338452,0.835306104,0.90076503,,,
,0.20499748,,0.20351897,0.291929818,0.357827158,0.279672082,0.360728676,0.596606878,0.59914281,0.702340138,0.77528909,0.774937506,0.838281222,0.89438212,,,
,0.20616389,,0.211171842,0.237490076,0.363640824,0.279672082,0.360728676,0.374072254,0.596420306,0.725110196,0.711340852,0.76160854,0.829648198,0.831137072,,,
,0.204702604,,0.211448528,0.237770174,0.370938646,0.297399748,0.361028216,0.373453164,0.596447312,0.703034856,0.75946928,0.83882541,0.772434922,0.89316618,,,
,0.203098744,,0.202230188,0.220560864,0.360835482,0.283804958,0.360728676,0.376207224,0.596456306,0.702089864,0.708761892,0.77739908,0.83103736,0.87898502,,,
,0.20343651,,0.20795873,0.289620668,0.370842082,0.279795502,0.360364712,0.373430216,0.635023152,0.70200724,0.74343079,0.77204373,0.829672708,0.832266654,,,
,0.201904522,,0.213990916,0.22835839,0.37210855,0.280513216,0.3608489,0.373608316,0.694031784,0.701781504,0.757498908,0.77793794,0.8280218,0.7703552,,,
,0.202283108,,0.201809062,0.206568886,0.373136392,0.279672082,0.370171538,0.375167146,0.596721266,0.702142158,0.731183302,0.8468883,0.835293674,0.896200428,,,
,0.201955418,,0.241619778,0.206604762,0.370244402,0.279940952,0.36140448,0.373430216,0.596881962,0.701721382,0.783377806,0.83876397,0.73788286,0.833456598,,,
,0.202008872,,0.2177323,0.265127744,0.369860952,0.279672082,0.360674544,0.37346841,0.59998178,0.699560342,0.744266284,0.786129218,0.772534208,0.871805432,,,
,0.202319158,,0.203760722,0.272517998,0.370501954,0.381811064,0.363616798,0.37343462,0.620654428,0.713156808,0.77560735,0.769835808,0.874724798,0.894248258,,,
,0.202497426,,0.204025894,0.288535738,0.37093271,0.381715392,0.360702142,0.373430216,0.595948286,0.7021356,0.71092552,0.776722726,0.836422104,0.87278348,,,
,0.201894834,,0.209261274,0.216134704,0.357729648,0.3816293,0.361926764,0.375512442,0.603302716,0.699738078,0.769528522,0.81585911,0.851992272,0.855047076,,,
,0.203033916,,0.202008872,0.270869028,0.353845382,0.279494684,0.360912306,0.37342848,0.602842768,0.701861476,0.76808762,0.778528838,0.874724798,0.846618454,,,
,0.211220828,,0.203621476,0.270216074,0.370750548,0.381176544,0.360728676,0.373827918,0.599274906,0.695996304,0.710736582,0.777597522,0.83665476,0.835207234,,,
,0.201964996,,0.210485712,0.268816572,0.356847836,0.378575898,0.360728676,0.373704862,0.609242726,0.701846178,0.789012434,0.785229174,0.771501586,0.83038607,,,
,0.202882176,,0.202731282,0.215803826,0.212043008,0.377750392,0.360728676,0.374001818,0.596209732,0.701786644,0.7115115,0.803765728,0.83663827,0.833429748,,,
,0.201898782,,0.204190472,0.226926602,0.373865712,0.374256636,0.356884518,0.37353464,0.597451178,0.702056556,0.74277732,0.776796802,0.835713914,0.920370298,,,
,0.20356628,,0.203760722,0.2436377,0.314221566,0.374563158,0.380286814,0.374458252,0.597086,0.702154852,0.709293608,0.840714398,0.873007558,0.855025998,,,
,0.20590047,,0.202008872,0.219339172,0.374145324,0.377482716,0.374200132,0.373430216,0.59697654,0.70196247,0.771314194,0.778134168,0.842686774,0.833460154,,,
,0.202008872,,0.20606946,0.217623878,0.371094822,0.381007676,0.374200132,0.373430216,0.5964696,0.70212478,0.771314194,0.820139732,0.881756034,0.834050904,,,
,0.200895322,,0.327571324,0.316310458,0.370484058,0.382480994,0.4987751,0.376884984,0.701164066,0.701336004,0.801286274,0.746692006,0.83609227,0.85506628,,,
,0.208573794,,0.202491784,0.270245082,0.318933344,0.37791257,0.4560268,0.379615768,0.706054036,0.70212478,0.771478328,0.771445524,0.83609227,0.872856194,,,
,0.202008872,,0.244235518,0.270211918,0.37055365,0.38182817,0.48355567,0.373939342,0.679256876,0.5782057,0.743372332,0.785370504,0.872163166,0.872343132,,,
,0.202410252,,0.202283108,0.270227896,0.373315636,0.378046624,0.515708934,0.373660672,0.70177839,0.623009636,0.77336148,0.819797848,0.850089812,0.87756236,,,
,0.213072706,,0.20130533,0.218962154,0.370131946,0.377541532,0.51704828,0.596712242,0.698429804,0.701748356,0.74636128,0.776436592,0.84355283,0.77281248,,,
,0.202876634,,0.211469926,0.214042816,0.360630492,0.381136804,0.498837822,0.378264706,0.597992478,0.710913394,0.763840664,0.74748624,0.836719058,0.87132471,,,
,0.20220979,,0.20467456,0.227005224,0.37241766,0.377665112,0.500833154,0.59827862,0.596266772,0.65048217,0.71139937,0.710052936,0.83637944,0.831881828,,,
,0.202008872,,0.244689708,0.273779506,0.357033712,0.38163581,0.498789638,0.378264706,0.630892626,0.702777818,0.709969088,0.749930482,0.847146814,0.841146634,,,
,0.201981988,,0.24611138,0.295468914,0.3569144,0.381588538,0.38636061,0.373595194,0.599509722,0.597635418,0.764457322,0.709902646,0.836053814,0.848826082,,,
,0.201902536,,0.201856696,0.295375392,0.357792916,0.381811906,0.450497988,0.373921608,0.595939514,0.7100352,0.78199641,0.79562329,,0.834869986,,,
,0.20375632,,0.201380862,0.270513196,0.357197798,0.381844318,0.36980248,0.373827918,0.5948614,0.705865802,0.71139937,0.767941316,,0.872562014,,,
,0.20206652,,0.20188599,0.2562318,0.357315034,0.381808932,0.381371064,0.37516312,0.617582842,0.70195961,0.71139937,0.777292402,,0.89407372,,,
,0.202955278,,0.277370394,0.270520022,0.35715964,0.381760158,0.377723988,0.373761566,0.595650434,0.702389148,0.76367834,0.70996908,,0.833296708,,,
,0.20329632,,0.202008872,0.2562318,0.357197798,0.381667574,0.377067294,0.389976112,0.595655718,0.714278074,0.711424892,0.777292402,,0.738472422,,,
,0.204454288,,0.202182036,0.270513196,0.357260552,0.38169386,0.386609532,0.373430216,0.591907824,0.7061226,0.712275708,0.710018548,,0.811624846,,,
,0.201870624,,0.21067359,0.210671228,0.360420952,0.38160502,0.386471348,0.59655841,0.593733232,0.682851712,0.716208954,0.777292402,,0.849937992,,,
,0.202266006,,0.202535082,0.210803498,0.357339342,0.371819454,0.51973563,0.594411484,0.5948614,0.75412905,0.716208954,0.710560276,,0.88614229,,,
,0.202382628,,0.210667034,0.20825166,0.35725214,0.370692406,0.518173446,0.506585008,0.595138878,0.712935604,0.769734716,0.765847536,,0.835656652,,,
,0.20987672,,0.229450046,0.206974052,0.35777224,0.374628832,0.37150228,0.596909226,0.597472382,0.705882564,0.70914676,0.780501902,,0.83528782,,,
,0.202180054,,0.202732098,0.27507361,0.367343882,0.374287342,0.371522014,0.596675182,0.599975024,0.74547656,0.76835056,0.770222774,,0.872557142,,,
,0.203802254,,0.20239158,0.207234744,0.361386734,0.37525578,0.386649786,0.596606878,0.596445456,0.745445684,0.730745814,0.724426066,,0.87225506,,,
,0.202205466,,0.203191856,0.25219732,0.35713604,0.321347564,0.591660512,0.592893436,0.597593394,0.64044747,0.710955366,0.70958664,,0.829814114,,,
,0.202509798,,0.24232639,0.207435344,0.357408308,0.376757404,0.371522014,0.596761774,0.597335904,0.745522114,0.71246239,0.72421382,,0.89589339,,,
,0.211469926,,0.208738398,0.275550134,0.357197798,0.359354328,0.37195259,0.59630453,0.602842768,0.753823658,0.760672,0.709997322,,0.872643216,,,
,0.202729052,,0.2025263,0.206590688,0.360835482,0.381709632,0.387198886,0.596333672,0.603142328,0.70526221,0.771059028,0.78320229,,0.883953186,,,
,0.202282172,,0.204867786,0.206604762,0.370750548,0.359695868,0.377047652,0.376758318,0.596863962,0.70284212,0.78154722,0.747783398,,,,,
,0.202581258,,0.266295332,0.275784758,0.371163248,0.384870862,0.374329352,0.379981256,0.597350092,0.745445684,0.711255462,0.709931918,,,,,
,0.206241908,,0.202008872,0.270714256,0.376214522,0.351776,0.374212886,0.373430216,0.596928858,0.746610484,0.711811226,0.710414096,,,,,
,0.202411194,,0.208573794,0.228446024,0.34663816,0.37430558,0.386392902,0.596636006,0.596531094,0.706110742,0.714597424,0.784672352,,,,,
,0.202008872,,0.200832228,0.207885376,0.35758854,0.38144004,0.368629078,0.595836,0.595322356,0.739184318,0.724769328,0.727758044,,,,,
,0.202050008,,0.201894834,0.216200164,0.270630242,0.373677002,0.380863136,0.598169704,0.5965841,0.70212478,0.711613968,0.71000723,,,,,
,0.203844962,,0.229001096,,0.30780311,0.373175328,0.375872568,0.596498686,0.59644033,0.707947628,0.711462792,0.77744181,,,,,
,0.202447008,,0.215053048,,0.368589452,0.38141808,0.36864642,0.597977926,0.67847292,0.71152326,0.77370383,,,,,,
,0.204443238,,0.264724616,,0.365969,0.280633072,0.375826222,0.59649394,0.59652664,0.708729192,0.743679036,,,,,,
,0.20220654,,0.25517139,,0.366494354,0.280247904,0.374195596,0.597987876,0.596623414,0.705937664,0.73710386,,,,,,
,0.224798384,,0.25361297,,0.32438086,0.280893732,0.374381798,0.61896199,0.698811526,0.702110286,0.74319531,,,,,,
,0.20630131,,0.20499748,,0.302316856,0.280646228,0.378666414,0.596742348,0.59830514,0.70606426,0.71139937,,,,,,
,0.202008872,,0.203703426,,0.35900008,0.278134142,0.374200132,0.52178728,0.673809806,0.701882496,0.711411736,,,,,,
,0.204494628,,0.268334062,,0.270201634,0.280183012,0.377109826,0.598272822,0.59652664,0.714278068,0.711185264,,,,,,
,0.210704804,,0.202402714,,0.287654854,0.381645728,0.37445186,0.525682134,0.700970406,0.705701876,0.740431894,,,,,,
,0.206721894,,0.210714844,,0.357181888,0.38169386,0.377064012,0.596850128,0.596420306,0.735015088,0.71153093,,,,,,
,0.202319158,,0.204172414,,0.270117766,0.38169386,0.383717772,0.525069792,0.60266377,0.706259264,0.724203706,,,,,,
,0.202447008,,0.21136748,,0.357539566,0.38180942,0.37706806,0.590191154,0.595270748,0.705953088,0.71139937,,,,,,
,0.227729964,,0.251446462,,0.208602648,0.381581338,0.374240536,0.453020612,0.596673704,0.71186461,0.781405038,,,,,,
,0.222237516,,0.202008872,,0.35699454,0.381669716,0.377070656,0.556117398,0.596466308,0.702095818,0.71102246,,,,,,
,0.219330406,,0.254176946,,0.269885294,0.38507985,0.374301186,0.556402696,0.59652664,0.75395969,0.747437192,,,,,,
,0.20266704,,0.202008872,,0.357476608,0.38169008,0.377116896,0.604386628,0.700976752,0.7577926,0.742959624,,,,,,
,0.202073634,,0.204701484,,0.304123788,0.381804358,0.37702422,0.52673851,0.597171262,0.756358246,0.737610872,,,,,,
,0.201923266,,0.202319158,,0.209245256,0.38169386,0.364462926,0.59684937,0.597178294,0.70779226,0.76375068,,,,,,
,0.202214876,,0.202008872,,0.26916228,0.37772056,0.367840544,0.556117398,0.59704784,0.701264436,0.76375068,,,,,,
,0.202008872,,0.20259618,,0.241581764,0.38115836,0.374030556,0.58924594,0.597616028,0.679302176,0.759235642,,,,,,
,0.202073634,,0.201949538,,0.266955666,0.381778298,0.37410798,0.392320344,0.59652664,0.674421384,0.770383842,,,,,,
,0.202008872,,0.202150732,,0.357767036,0.38255251,0.375021554,0.596606878,0.59652664,0.588125052,0.757665378,,,,,,
,0.20230311,,0.223955014,,0.358442064,0.279975198,0.374220414,0.290992172,0.596354386,0.596645234,0.711519796,,,,,,
,0.203533818,,0.202008872,,0.357856742,0.381872546,0.377979424,0.583096898,0.558773042,0.70172124,0.71139937,,,,,,
,,,0.202724554,,0.3580318,0.38169386,0.49961272,0.405914928,0.596403042,0.70212478,0.747223564,,,,,,
,,,,,0.357729648,0.382387156,0.524332178,0.314124362,0.596471856,0.71066785,0.770593488,,,,,,
,,,,,0.357729648,0.38169386,0.376996684,0.581827474,0.596623046,0.69633978,0.71591435,,,,,,
,,,,,0.357197798,0.384447298,0.37746094,0.589771038,0.59633585,0.702277972,0.715891028,,,,,,
,,,,,0.35811306,0.38200458,0.37702422,0.596846752,0.596843706,0.702345248,0.743307354,,,,,,
,,,,,0.226143572,0.278341404,0.374261098,0.616679104,0.59652664,0.702927392,0.711327268,,,,,,
,,,,,0.273647722,0.38169386,0.37462799,0.596572088,0.596646222,0.70212478,0.7168953,,,,,,
,,,,,0.28848899,0.381692452,0.371700758,0.618304334,0.59652664,0.706355394,0.71139937,,,,,,
,,,,,0.353127226,0.280098342,0.374199212,0.537796778,0.59652664,0.70212009,0.75990376,,,,,,
,,,,,0.251833878,0.280086902,0.373828242,0.542292332,0.595391178,0.70513351,0.71170171,,,,,,
,,,,,0.269816562,0.381610524,0.365220228,0.601562282,0.601485672,0.738900376,0.711332966,,,,,,
,,,,,0.274704918,0.383100916,0.38397443,0.5937397,0.601370474,0.705842618,0.711354108,,,,,,
,,,,,0.268893404,0.381771726,0.5174965,0.59691442,0.596087992,0.702112546,0.711722858,,,,,,
,,,,,0.356150416,0.38169386,0.302184116,0.595852624,0.596483628,0.623481398,0.743270596,,,,,,
,,,,,0.357729648,0.378674794,0.518603352,0.596609406,0.595301706,0.70212478,0.711332966,,,,,,
,,,,,0.356150416,0.381663424,0.374192082,0.60155109,0.596366488,0.702029798,0.711332966,,,,,,
,,,,,0.357729648,0.381704552,0.37678796,0.596606878,0.596420306,0.702639276,0.71144829,,,,,,
,,,,,0.364140102,0.38169386,0.36089923,0.59657112,0.596217794,0.771487574,0.70889959,,,,,,
,,,,,0.367959272,0.382827958,0.360776902,0.383761676,0.596343768,0.74957352,0.711332966,,,,,,
,,,,,0.371986882,0.383493088,0.390792388,0.596466486,0.596613204,0.737052172,0.759486798,,,,,,
,,,,,0.33145923,0.385608122,0.465212756,0.596682038,,0.74918223,0.730708154,,,,,,
,,,,,0.370209944,0.381104078,0.372561172,0.596609612,,0.749943718,0.711332966,,,,,,
,,,,,0.370311062,0.381508454,0.361001546,0.596558192,,0.73685653,0.71139937,,,,,,
,,,,,0.370009958,0.3822493,0.499350058,0.50586181,,0.75029776,0.711580054,,,,,,
,,,,,0.37018298,0.381813114,0.364308578,0.596606878,,0.74957352,0.711161106,,,,,,
,,,,,0.369693426,0.381678608,0.361102152,0.373615286,,0.773140428,0.744109722,,,,,,
,,,,,0.370131946,0.381721982,0.36426061,0.36984797,,0.751099648,0.771336488,,,,,,
,,,,,0.370586886,0.381745998,0.517672014,0.373560742,,0.755358996,0.743665398,,,,,,
,,,,,0.371373426,0.381718034,0.376075484,0.371408744,,0.60351894,0.775590192,,,,,,
,,,,,0.27278318,0.382690468,0.367387284,0.37448246,,0.701972612,0.711292226,,,,,,
,,,,,0.370621124,0.381717496,0.36120559,0.375225698,,0.660015876,0.759511618,,,,,,
,,,,,0.370770958,0.37942341,0.499516544,0.596678006,,0.69953963,0.711471712,,,,,,
,,,,,0.370549078,0.381687122,0.499438084,0.596495492,,0.70212478,0.711256078,,,,,,
,,,,,0.3727654,0.381356962,0.364406864,0.596606878,,0.7023882,0.7116118,,,,,,
,,,,,0.370504054,0.382220262,0.36426061,0.596975556,,0.702066008,0.71139937,,,,,,
,,,,,0.37010196,0.37911079,0.361429758,0.596258382,,0.70212478,0.711268162,,,,,,
,,,,,0.309002184,0.380633194,0.372448474,0.59673035,,0.69963262,0.711346702,,,,,,
,,,,,0.315528314,0.371483732,0.362085124,0.525929534,,0.69964425,0.775018792,,,,,,
,,,,,0.370005266,0.370520304,0.364692434,0.502144696,,0.702132988,0.711226918,,,,,,
,,,,,0.370855224,0.370779692,0.364606504,0.511256488,,0.701723618,0.711356094,,,,,,
,,,,,0.370967982,0.370863792,0.361263866,0.376804018,,0.70172937,0.723751712,,,,,,
,,,,,0.31426362,0.370750944,0.377190324,0.615890352,,0.7022045,0.757168952,,,,,,
,,,,,0.370131946,0.370437886,0.37758213,0.59741886,,0.70212478,0.74415251,,,,,,
,,,,,0.37142976,0.374256636,0.37454468,0.597200756,,0.701963848,0.717526174,,,,,,
,,,,,0.370968676,0.37718416,0.375044386,0.518120996,,0.596576006,0.711665094,,,,,,
,,,,,0.372844986,0.389603176,0.377897708,0.517941406,,0.705057034,0.71139937,,,,,,
,,,,,0.293171126,0.381538482,0.380623118,0.53796976,,0.70212478,0.711364962,,,,,,
,,,,,0.357207518,0.382478084,0.380228408,0.595565322,,0.702072428,0.70947487,,,,,,
,,,,,0.357494108,0.37969061,0.364299666,0.597791266,,0.702763524,0.71139937,,,,,,
,,,,,0.372046734,0.37828178,0.369191436,0.54245815,,0.701145202,0.771314194,,,,,,
,,,,,0.274043876,0.378004128,0.36426061,0.534542168,,0.70178998,0.711148512,,,,,,
,,,,,0.313559346,0.371006172,0.497388492,0.514939462,,0.710349818,0.698819476,,,,,,
,,,,,0.268650144,0.37461635,0.497571304,0.519944314,,0.720800416,0.228683256,,,,,,
,,,,,0.308102456,0.371157162,0.36531042,0.595652152,,0.700813808,0.711734828,,,,,,
,,,,,0.370750548,0.382667302,0.36428991,0.538096772,,0.70212478,0.711424778,,,,,,
,,,,,0.314905132,0.280066416,0.36426061,0.524768882,,0.702271702,0.71591435,,,,,,
,,,,,0.370083356,0.280869654,0.364636178,0.521126314,,0.70212478,0.718677834,,,,,,
,,,,,0.374347368,0.381646216,0.37008825,0.518120996,,0.70212478,0.707759326,,,,,,
,,,,,0.370896326,0.377921834,0.499640606,0.523061066,,0.702320308,0.717208338,,,,,,
,,,,,0.370696812,0.38169386,0.465212756,0.53704182,,0.70212478,0.711416254,,,,,,
,,,,,0.313799864,0.279661986,0.47726492,0.525084524,,0.70225147,0.775422194,,,,,,
,,,,,0.370131946,0.281280596,0.304059094,0.53881218,,0.62223253,0.779527928,,,,,,
,,,,,0.306744236,0.28313629,0.377145176,0.596606878,,0.715324846,0.80452285,,,,,,
,,,,,0.286166618,0.279988992,0.365674252,0.526310686,,0.70164928,0.7721507,,,,,,
,,,,,0.276601544,0.37785665,0.364316106,0.598136778,,0.701991126,0.7159177,,,,,,
,,,,,0.22471324,0.283005578,0.368343684,0.596606878,,0.702067568,0.7125649,,,,,,
,,,,,0.220091204,0.295300248,0.366950228,0.521398214,,0.738968392,0.740806278,,,,,,
,,,,,0.293623736,0.279445798,0.367656184,0.524271054,,0.70212478,0.734722628,,,,,,
,,,,,0.24802669,0.2795335,0.364376436,0.52584046,,0.70117737,0.777793984,,,,,,
,,,,,0.317487426,0.279594014,0.375887788,0.52479827,,0.70212478,0.778601446,,,,,,
,,,,,0.228357848,0.284986368,0.519347074,0.524945892,,0.702125778,0.769044188,,,,,,
,,,,,0.333588588,0.381952536,0.364695714,0.596549352,,0.70355759,0.757808866,,,,,,
,,,,,0.370131946,0.38358068,0.361813592,0.596500178,,0.596645234,0.711124678,,,,,,
,,,,,0.37079577,0.309275386,0.36469562,0.52594374,,0.598984854,0.71139937,,,,,,
,,,,,0.328309526,0.281060242,0.361116886,0.524470416,,0.642030616,0.71206406,,,,,,
,,,,,0.289634492,0.28143562,0.365698892,0.596606878,,0.71525711,0.71139937,,,,,,
,,,,,0.369254266,0.377741872,0.3611049,0.524892748,,0.70212478,0.743679036,,,,,,
,,,,,0.370745602,0.287310162,0.364908708,0.524559712,,0.705438652,0.77779454,,,,,,
,,,,,0.23149264,0.381977992,0.378395428,0.525740656,,0.703282374,0.777979208,,,,,,
,,,,,0.37403921,0.280066416,0.360962098,0.525198338,,0.750478214,0.712006788,,,,,,
,,,,,0.370750548,0.38169118,0.360904242,0.524934746,,0.705958374,0.711662284,,,,,,
,,,,,0.370131946,0.309369376,0.361219558,0.525317424,,0.71061178,0.71139937,,,,,,
,,,,,0.370750548,0.28682654,0.375948474,0.52612234,,0.74957352,0.711441888,,,,,,
,,,,,0.370732214,0.38182142,0.367229082,0.52753368,,0.706026066,0.712755188,,,,,,
,,,,,0.306744236,0.377647266,0.361052476,0.597068274,,0.706777792,0.713864774,,,,,,
,,,,,0.307465996,0.377955982,0.361823526,0.525196222,,0.737969184,0.71139937,,,,,,
,,,,,0.312322062,0.309275386,0.364311434,0.525141402,,0.73738732,0.711345068,,,,,,
,,,,,0.297635814,0.38194948,0.364340098,0.377492652,,0.717094802,0.711110578,,,,,,
,,,,,0.323574548,0.37772467,0.364456468,0.373430216,,0.698911408,0.711311426,,,,,,
,,,,,0.307193182,0.377508168,0.500683226,0.596784332,,0.728150152,0.712315354,,,,,,
,,,,,0.290897808,0.279518942,0.366373124,0.634413528,,0.731852502,0.711547176,,,,,,
,,,,,0.236936044,0.279672082,0.361105656,0.60102425,,0.739416972,0.711364962,,,,,,
,,,,,0.370202446,0.381885422,0.357362898,0.596606878,,0.718589718,0.71139937,,,,,,
,,,,,0.270201378,0.37778575,0.378820606,0.592231912,,0.741839292,0.71151063,,,,,,
,,,,,0.22485948,0.37772056,0.364140976,0.601617162,,0.759959614,0.76202118,,,,,,
,,,,,0.214705212,0.381508268,0.36483817,0.614212352,,0.736852284,0.71171058,,,,,,
,,,,,0.23589814,0.228380848,0.365383542,0.5970702,,0.70152443,0.711256078,,,,,,
,,,,,0.20971174,0.370692406,0.378639992,0.596859132,,0.598453662,0.771554148,,,,,,
,,,,,0.30865055,0.371498078,0.368829084,0.598710062,,0.70237001,0.775778078,,,,,,
,,,,,0.268745196,0.370692406,0.361058004,0.596798978,,0.702626846,0.726354708,,,,,,
,,,,,0.208232242,0.37772056,0.372362864,0.599358942,,0.70213396,0.752056746,,,,,,
,,,,,0.269235234,0.370692406,0.36650934,0.596550962,,0.7020992,0.77359077,,,,,,
,,,,,0.293759444,0.370741222,0.376425896,0.597325066,,0.702559196,0.77574494,,,,,,
,,,,,0.269235234,0.374202614,0.267155082,0.5971417,,0.601176264,0.775150098,,,,,,
,,,,,0.269312004,0.37096144,0.293271252,0.59666364,,0.636163458,0.775485438,,,,,,
,,,,,0.266954454,0.370928436,0.375793986,0.59506392,,0.702094264,0.748093502,,,,,,
,,,,,0.269192518,0.370908486,0.225981564,0.522897468,,0.70212478,0.751989354,,,,,,
,,,,,0.27153378,0.3705725,0.271361404,0.522288052,,0.702098672,0.771314194,,,,,,
,,,,,0.269192518,0.371129966,0.267367392,0.505745744,,0.70212478,0.775634788,,,,,,
,,,,,0.272787264,0.377665112,0.32676155,0.505745744,,0.7018021,0.770961282,,,,,,
,,,,,0.363946214,0.370983258,0.21689267,0.596606878,,0.596515068,0.76619445,,,,,,
,,,,,0.311314056,0.294380284,0.217303208,0.59432266,,0.702174694,0.751989354,,,,,,
,,,,,0.284471736,0.37126649,0.216769854,0.505893912,,0.701997242,0.757029196,,,,,,
,,,,,0.283971692,0.370908486,0.21779065,0.5937397,,0.70212478,0.764203468,,,,,,
,,,,,0.357229554,0.283963786,0.217056666,0.517883462,,0.715216596,0.771314194,,,,,,
,,,,,0.305445258,0.378232906,0.21668725,0.499674132,,0.701507044,0.778753462,,,,,,
,,,,,0.304754174,0.283769976,0.217826756,0.5403963,,0.70145334,0.77495205,,,,,,
,,,,,0.220815456,0.277534694,0.221231146,0.59515506,,0.674081686,0.781024984,,,,,,
,,,,,0.360925782,0.280497212,0.2250174,0.521631042,,0.721030354,0.797150578,,,,,,
,,,,,0.221484452,0.28114385,0.232474076,0.52752833,,0.719932942,0.74875764,,,,,,
,,,,,0.264986328,0.378247956,0.231605486,0.52235888,,0.760237868,0.775300344,,,,,,
,,,,,0.27004022,0.377635128,0.21831752,0.383685482,,0.721718514,0.775571866,,,,,,
,,,,,,0.37097497,0.2171082,0.596649362,,0.70209586,0.76551686,,,,,,
,,,,,,0.370863792,0.219758882,0.599100918,,0.70145334,0.758900766,,,,,,
,,,,,,0.370908486,0.216769854,0.596606878,,0.739027192,0.77541902,,,,,,
,,,,,,0.381645728,0.23435728,0.599020886,,0.701314004,0.739407758,,,,,,
,,,,,,0.376887682,0.2345396,0.596761176,,0.757787458,0.77906698,,,,,,
,,,,,,0.37772056,0.217268048,0.600397396,,0.720053858,0.79551066,,,,,,
,,,,,,0.370908486,0.216769854,0.597094006,,0.769026978,0.775778078,,,,,,
,,,,,,0.370908486,0.21754857,0.596607878,,0.701202526,0.775888258,,,,,,
,,,,,,0.374502386,0.216732542,0.596608154,,0.597477272,0.775328296,,,,,,
,,,,,,0.37239027,0.284341034,0.596606878,,0.596597446,0.77517635,,,,,,
,,,,,,0.37525578,0.293222326,0.5974045,,0.596896832,0.776224876,,,,,,
,,,,,,0.371743668,0.275062324,0.59664398,,0.601857514,0.774962524,,,,,,
,,,,,,0.370908486,0.374959134,0.592231912,,0.596576006,0.776136912,,,,,,
,,,,,,0.371091536,0.361205644,0.522146508,,0.703740838,0.752340228,,,,,,
,,,,,,0.372913284,0.385081126,0.596480328,,0.596576006,0.755567032,,,,,,
,,,,,,0.374773202,0.36469562,0.596846042,,0.70211332,0.775778078,,,,,,
,,,,,,0.371008698,0.364748038,0.596633778,,0.701851852,0.770118294,,,,,,
,,,,,,0.384926298,0.362968624,0.59506392,,0.71525711,0.711629662,,,,,,
,,,,,,0.377826258,0.361606482,0.517481276,,0.72875616,0.716362986,,,,,,
,,,,,,0.370908486,0.361336148,0.59658411,,0.702014066,0.60569531,,,,,,
,,,,,,0.370908486,0.361577526,0.59651914,,0.71519682,0.713899248,,,,,,
,,,,,,0.370908486,0.363997,0.5936502,,0.702763342,0.710780856,,,,,,
,,,,,,0.346034396,0.37486913,0.592014488,,0.7077881,0.76485935,,,,,,
,,,,,,0.379541082,0.36469297,0.592231912,,0.637831578,0.76997433,,,,,,
,,,,,,0.277753618,0.378102252,0.594876818,,0.716771916,0.751089338,,,,,,
,,,,,,0.300330528,0.375785596,0.592757218,,0.596591172,0.724142574,,,,,,
,,,,,,0.378789432,0.364511238,0.596606878,,0.701991686,0.711036334,,,,,,
,,,,,,0.235955282,0.361058004,0.598188144,,0.702283116,0.733468132,,,,,,
,,,,,,0.272865906,0.36426061,0.596909364,,0.598100712,0.711519244,,,,,,
,,,,,,0.27150846,0.360940086,0.596483732,,0.702126708,0.714588914,,,,,,
,,,,,,0.323498042,0.364379288,0.596591064,,0.635932438,0.722594274,,,,,,
,,,,,,0.228372686,0.362552208,0.596229736,,0.59921924,0.71591435,,,,,,
,,,,,,0.228043696,0.364282466,0.596524688,,0.59643996,0.751239384,,,,,,
,,,,,,0.228123524,0.364310648,0.596287244,,0.704003262,0.771314194,,,,,,
,,,,,,0.228107328,0.364138724,0.598136778,,0.68039182,0.771411076,,,,,,
,,,,,,0.228485286,0.36426061,0.52510467,,0.70164048,0.714072208,,,,,,
,,,,,,0.226951754,0.364105802,0.526386926,,0.707032684,0.724809562,,,,,,
,,,,,,0.228054466,0.377829386,0.519290308,,0.70212478,0.715757752,,,,,,
,,,,,,0.232925932,0.379275488,0.525021102,,0.70208264,0.758145118,,,,,,
,,,,,,0.2371793,0.361058004,0.51901384,,0.59687432,0.71888243,,,,,,
,,,,,,0.243921412,0.361813592,0.51975423,,0.59570014,0.737547992,,,,,,
,,,,,,0.242535294,0.367058546,0.527226028,,0.702055228,0.722121362,,,,,,
,,,,,,0.234877924,0.364322074,0.590427908,,0.702626122,0.758067398,,,,,,
,,,,,,0.228862196,0.363864744,0.587054152,,0.7017942,0.743307354,,,,,,
,,,,,,0.230993622,0.364341204,0.525066914,,0.705892378,0.767839404,,,,,,
,,,,,,0.228123524,0.361216456,0.590416194,,0.70625246,0.765858424,,,,,,
,,,,,,0.240962308,0.369344094,0.58713322,,0.70636466,0.751089338,,,,,,
,,,,,,0.240537288,0.364338146,0.5245082,,0.70212478,0.770371388,,,,,,
,,,,,,0.229883288,0.361079,0.525961184,,0.70212478,0.723950612,,,,,,
,,,,,,0.228123524,0.361160874,0.525167628,,0.596910994,0.771594444,,,,,,
,,,,,,0.227527828,0.364323592,0.530131062,,0.701430444,0.75789775,,,,,,
,,,,,,0.228104226,0.361088094,0.596558192,,0.702124748,0.773281754,,,,,,
,,,,,,0.292871992,0.367629616,0.596526186,,0.70145334,0.739022618,,,,,,
,,,,,,0.294923846,0.365031524,0.525144186,,0.597507202,0.73309199,,,,,,
,,,,,,0.370908486,0.367083328,0.525060386,,0.702036212,0.73919631,,,,,,
,,,,,,0.3709247,0.361235058,0.52511342,,0.616110266,0.75114514,,,,,,
,,,,,,0.370964158,0.364425338,0.5963644,,0.628898002,0.741423472,,,,,,
,,,,,,0.380751824,0.36426061,0.597288998,,0.70212478,0.751568984,,,,,,
,,,,,,0.370908486,0.384298226,0.596605168,,0.61302074,0.751089338,,,,,,
,,,,,,0.372449528,0.375680966,0.59787186,,0.597478864,0.773910844,,,,,,
,,,,,,0.374502386,0.369089014,0.59509749,,0.62754392,0.774154776,,,,,,
,,,,,,0.378854828,0.364140812,0.52488716,,0.702415192,0.740153548,,,,,,
,,,,,,0.281450884,0.37664806,0.596502718,,0.703001252,0.726606144,,,,,,
,,,,,,0.373063348,0.380803174,0.596605132,,0.70212478,0.775404476,,,,,,
,,,,,,0.37530034,0.375774112,0.596606878,,0.710369562,0.763807428,,,,,,
,,,,,,0.371624168,0.36426061,0.593646772,,0.67191116,,,,,,,
,,,,,,0.370908486,0.361105656,0.5952239,,0.69859054,,,,,,,
,,,,,,0.294969664,0.3609274,0.596606878,,0.739789658,,,,,,,
,,,,,,0.378774616,0.360628148,0.59506392,,0.70183614,,,,,,,
,,,,,,0.38169386,0.365612904,0.592549368,,0.604511168,,,,,,,
,,,,,,0.382181354,0.364324574,0.596604954,,0.729054498,,,,,,,
,,,,,,0.351363498,0.364509376,0.596940036,,0.705863622,,,,,,,
,,,,,,0.38205871,0.364764512,0.59660304,,0.707824034,,,,,,,
,,,,,,0.371134606,0.36464688,0.596439254,,0.702552348,,,,,,,
,,,,,,0.275911888,0.36428197,0.52298536,,0.702355952,,,,,,,
,,,,,,0.371065232,0.366754902,0.58796375,,0.706149646,,,,,,,
,,,,,,0.371530104,0.361558194,0.574289808,,0.63972262,,,,,,,
,,,,,,0.371061582,0.360903774,0.500961558,,0.711050546,,,,,,,
,,,,,,0.374514746,0.368115202,0.52123745,,0.63528685,,,,,,,
,,,,,,0.377912366,0.37239222,0.58796375,,0.596987662,,,,,,,
,,,,,,0.37111259,0.365132398,0.587985756,,0.598699428,,,,,,,
,,,,,,0.37772056,0.361058004,0.583905708,,0.699695756,,,,,,,
,,,,,,0.38169386,0.360774612,0.587089936,,0.602094902,,,,,,,
,,,,,,0.38169386,0.364322032,0.586587228,,0.702026226,,,,,,,
,,,,,,0.38791645,0.36448662,0.587778046,,0.213983228,,,,,,,
,,,,,,0.377523428,0.361729738,0.543633704,,0.700256214,,,,,,,
,,,,,,0.377312072,0.36426061,0.604244088,,0.702100218,,,,,,,
,,,,,,0.38169386,0.361044818,0.499792354,,0.621097736,,,,,,,
,,,,,,0.29798811,0.361043382,0.602576364,,0.69779606,,,,,,,
,,,,,,0.297967426,0.37909673,0.592228122,,0.698289714,,,,,,,
,,,,,,0.300858606,0.367387284,0.499792354,,0.676317954,,,,,,,
,,,,,,0.310701992,0.36426061,0.592231912,,0.698289714,,,,,,,
,,,,,,0.375796914,0.399643754,0.51044963,,0.695774884,,,,,,,
,,,,,,0.38543133,0.364861636,0.50586181,,0.709470774,,,,,,,
,,,,,,0.339472758,0.364338146,0.525156202,,0.698289714,,,,,,,
,,,,,,0.377810546,0.361921606,0.591520112,,0.702027404,,,,,,,
,,,,,,0.339408422,0.365266582,0.505533858,,0.69936412,,,,,,,
,,,,,,0.38521561,0.361058004,0.507625528,,0.699183156,,,,,,,
,,,,,,0.346714038,0.361204478,0.50796774,,0.697993256,,,,,,,
,,,,,,0.389471194,0.363573532,0.503811138,,0.697464032,,,,,,,
,,,,,,0.347945182,0.353318258,0.5250793,,0.701670156,,,,,,,
,,,,,,0.381487704,0.367953936,0.526055746,,0.698327758,,,,,,,
,,,,,,0.347945182,0.361058004,0.505880294,,0.70018746,,,,,,,
,,,,,,0.382845882,0.36426061,0.596606878,,0.70145334,,,,,,,
,,,,,,0.38169386,0.367737622,0.59659526,,0.704478944,,,,,,,
,,,,,,0.381922812,0.374200132,0.599071772,,0.70226784,,,,,,,
,,,,,,0.347881498,0.377722086,0.599150572,,0.702545632,,,,,,,
,,,,,,0.344481832,0.379656136,0.596585558,,0.70145334,,,,,,,
,,,,,,0.342980198,0.380340714,0.59624481,,0.70151004,,,,,,,
,,,,,,0.38194055,0.374693716,0.596555486,,0.70317108,,,,,,,
,,,,,,0.34730252,0.37898401,0.59682981,,0.701456522,,,,,,,
,,,,,,0.347601056,0.37706806,0.59657137,,0.70138378,,,,,,,
,,,,,,0.312894354,0.377173786,0.50619712,,0.621005762,,,,,,,
,,,,,,0.39122904,0.366522274,0.596594602,,0.702067252,,,,,,,
,,,,,,0.345136358,0.361866386,0.596951072,,0.70122366,,,,,,,
,,,,,,0.344965286,0.380104714,0.596951572,,0.70731042,,,,,,,
,,,,,,0.374853308,0.377298856,0.374290748,,0.704164152,,,,,,,
,,,,,,0.372021918,0.364185948,0.378271576,,0.712255278,,,,,,,
,,,,,,0.370520304,0.36066669,0.505970832,,0.701969588,,,,,,,
,,,,,,0.374628576,0.361883074,0.506090916,,0.59685523,,,,,,,
,,,,,,0.374933442,0.360904242,0.52793947,,0.597629906,,,,,,,
,,,,,,0.370824724,0.367581004,0.525395916,,0.614860386,,,,,,,
,,,,,,0.374743698,0.360756208,0.59587458,,0.70212478,,,,,,,
,,,,,,0.373466466,0.36823347,0.596546444,,0.596338926,,,,,,,
,,,,,,0.378487026,0.364686916,0.604382656,,0.60340442,,,,,,,
,,,,,,0.378722678,0.364351032,0.596606878,,0.70775008,,,,,,,
,,,,,,0.374502386,0.362254488,0.59588869,,0.597529494,,,,,,,
,,,,,,0.37474901,0.36421835,0.525126734,,0.703388368,,,,,,,
,,,,,,0.372404108,0.364138724,0.52509847,,0.70310307,,,,,,,
,,,,,,0.381289826,0.36177115,0.27673556,,0.70216108,,,,,,,
,,,,,,0.38111352,0.370375324,0.525437872,,0.702498174,,,,,,,
,,,,,,0.379429982,0.364674824,0.524874628,,0.703414522,,,,,,,
,,,,,,0.375578894,0.361050664,0.505938546,,0.701859712,,,,,,,
,,,,,,0.379416566,0.364383412,0.52510467,,0.700689048,,,,,,,
,,,,,,0.375677688,0.377472444,0.5223388,,0.636163458,,,,,,,
,,,,,,0.375578894,0.361058004,0.50327891,,0.701456492,,,,,,,
,,,,,,0.375698052,0.364067464,0.377276752,,,,,,,,,
,,,,,,0.375136868,0.364445376,0.373526168,,,,,,,,,
,,,,,,0.379417792,0.361270782,0.373794998,,,,,,,,,
,,,,,,0.375578894,0.365545814,0.37345382,,,,,,,,,
,,,,,,0.379374206,0.364306434,0.373563394,,,,,,,,,
,,,,,,0.375578894,0.361230328,0.374414754,,,,,,,,,
,,,,,,0.37549159,0.36471311,0.373563394,,,,,,,,,
,,,,,,0.377612494,0.36426061,0.52510467,,,,,,,,,
,,,,,,0.375993806,0.360917912,0.596701266,,,,,,,,,
,,,,,,0.375510962,0.375680966,0.48113005,,,,,,,,,
,,,,,,0.388697674,0.362977624,0.597478658,,,,,,,,,
,,,,,,0.375578894,0.360702576,0.48068076,,,,,,,,,
,,,,,,0.37942341,0.361729738,0.59192436,,,,,,,,,
,,,,,,0.37549159,0.36491221,0.522805124,,,,,,,,,
,,,,,,0.388413864,0.361133924,0.517933694,,,,,,,,,
,,,,,,0.375578894,0.360777192,0.47554121,,,,,,,,,
,,,,,,0.379596386,0.364285982,0.383045168,,,,,,,,,
,,,,,,0.379450392,0.37256034,0.510299914,,,,,,,,,
,,,,,,0.369869378,0.362220946,0.655031236,,,,,,,,,
,,,,,,0.369837392,0.361696504,0.59499278,,,,,,,,,
,,,,,,0.369720082,0.360891632,0.593898108,,,,,,,,,
,,,,,,0.373354572,0.364497466,0.504508906,,,,,,,,,
,,,,,,0.37612677,0.377359038,0.594346724,,,,,,,,,
,,,,,,0.3698518,0.361058004,0.596606878,,,,,,,,,
,,,,,,0.379282056,0.362319928,0.59721622,,,,,,,,,
,,,,,,0.371925846,0.36518131,0.482377374,,,,,,,,,
,,,,,,0.353921182,0.364138724,0.592785852,,,,,,,,,
,,,,,,0.378970024,0.36426725,0.588252384,,,,,,,,,
,,,,,,0.370121234,0.372439462,0.503446478,,,,,,,,,
,,,,,,0.375439546,0.37027815,0.595058666,,,,,,,,,
,,,,,,0.371037096,0.368745598,0.592437934,,,,,,,,,
,,,,,,0.371878042,0.361032822,0.595282444,,,,,,,,,
,,,,,,0.373069258,0.37558461,0.592692486,,,,,,,,,
,,,,,,0.37074458,0.36061006,0.595077158,,,,,,,,,
,,,,,,0.37446475,0.36666733,0.594614108,,,,,,,,,
,,,,,,0.378836246,0.361040326,0.591778948,,,,,,,,,
,,,,,,0.370955816,0.360904242,0.52059764,,,,,,,,,
,,,,,,0.374331226,0.364350066,0.59854858,,,,,,,,,
,,,,,,0.376714036,0.364333256,0.59614594,,,,,,,,,
,,,,,,0.37452447,0.364138724,0.594771312,,,,,,,,,
,,,,,,0.37894949,0.361057628,0.596606878,,,,,,,,,
,,,,,,0.374467496,0.367750772,0.594696972,,,,,,,,,
,,,,,,0.374321614,0.360917912,0.50586181,,,,,,,,,
,,,,,,0.37131668,0.361529392,0.596791376,,,,,,,,,
,,,,,,0.38082065,0.361558992,0.497207732,,,,,,,,,
,,,,,,0.374373822,0.361264482,0.596209618,,,,,,,,,
,,,,,,0.370789196,0.36469562,0.59751608,,,,,,,,,
,,,,,,0.372040096,0.364220126,0.59494357,,,,,,,,,
,,,,,,0.371156262,0.36426061,0.595024834,,,,,,,,,
,,,,,,0.370908486,0.361041988,0.597461428,,,,,,,,,
,,,,,,0.37574125,0.364467276,0.595411456,,,,,,,,,
,,,,,,0.374502386,0.368760216,0.594976648,,,,,,,,,
,,,,,,0.370951404,0.361323084,0.598077886,,,,,,,,,
,,,,,,0.374845812,0.377124334,0.60005065,,,,,,,,,
,,,,,,0.374595652,0.364509376,0.595267368,,,,,,,,,
,,,,,,0.374548288,0.376286568,0.59506392,,,,,,,,,
,,,,,,0.371360146,0.36426061,0.502904372,,,,,,,,,
,,,,,,0.374981576,0.361410886,0.525284602,,,,,,,,,
,,,,,,0.370745056,0.360844232,0.594881942,,,,,,,,,
,,,,,,0.373175328,0.37239222,0.50629304,,,,,,,,,
,,,,,,0.37971745,0.372358462,0.59506392,,,,,,,,,
,,,,,,0.370018694,0.364322626,0.52510467,,,,,,,,,
,,,,,,0.370047334,0.36171015,0.52510467,,,,,,,,,
,,,,,,0.370262166,0.364145686,0.525186686,,,,,,,,,
,,,,,,0.376084612,0.368861568,0.525351438,,,,,,,,,
,,,,,,0.37533781,0.365509606,0.526018816,,,,,,,,,
,,,,,,0.370015016,0.36438342,0.524740568,,,,,,,,,
,,,,,,0.381033924,0.377327136,0.52714718,,,,,,,,,
,,,,,,0.37503217,0.361099412,0.52484005,,,,,,,,,
,,,,,,0.384509746,0.36496948,0.52514626,,,,,,,,,
,,,,,,0.379928728,0.364265772,0.524983132,,,,,,,,,
,,,,,,0.377650252,0.372847912,0.52510467,,,,,,,,,
,,,,,,0.37381066,0.360835926,0.52434043,,,,,,,,,
,,,,,,0.381289826,0.374834908,0.529545934,,,,,,,,,
,,,,,,0.369571232,0.36670301,0.540904362,,,,,,,,,
,,,,,,0.37050324,0.368781722,0.524190134,,,,,,,,,
,,,,,,0.373175328,0.362746548,0.52492366,,,,,,,,,
,,,,,,0.376154892,0.36481015,0.525157244,,,,,,,,,
,,,,,,0.382287616,0.364265074,0.524962698,,,,,,,,,
,,,,,,0.381164054,0.373280386,0.52510467,,,,,,,,,
,,,,,,0.375806794,0.364140648,0.52533687,,,,,,,,,
,,,,,,0.379123014,0.365357286,0.525799086,,,,,,,,,
,,,,,,0.375509388,0.370550376,0.524660224,,,,,,,,,
,,,,,,0.37537178,0.361229242,0.582765898,,,,,,,,,
,,,,,,0.37957701,0.364317126,0.518284328,,,,,,,,,
,,,,,,0.379630366,0.364301494,0.371141136,,,,,,,,,
,,,,,,0.38200693,0.36452841,0.50573376,,,,,,,,,
,,,,,,0.356523956,0.361468872,0.525284602,,,,,,,,,
,,,,,,0.376043552,0.364947412,0.52510467,,,,,,,,,
,,,,,,0.371630044,0.364028182,0.525103812,,,,,,,,,
,,,,,,0.370913528,0.380580708,0.52666998,,,,,,,,,
,,,,,,0.37961532,0.36461632,0.52439301,,,,,,,,,
,,,,,,0.370491248,0.365146726,0.526090664,,,,,,,,,
,,,,,,0.374508592,0.364742496,0.525096118,,,,,,,,,
,,,,,,0.370520304,0.361443314,0.525868312,,,,,,,,,
,,,,,,0.37074029,0.36455487,0.525008608,,,,,,,,,
,,,,,,0.37452447,0.364099408,0.518961364,,,,,,,,,
,,,,,,0.373123342,0.361128956,0.383357486,,,,,,,,,
,,,,,,0.373945512,0.36083473,0.52510467,,,,,,,,,
,,,,,,0.374780036,0.368549798,0.385970666,,,,,,,,,
,,,,,,0.374208498,0.361081684,0.596253338,,,,,,,,,
,,,,,,0.370949862,0.361781084,0.379451734,,,,,,,,,
,,,,,,0.374807028,0.361696532,0.5966537,,,,,,,,,
,,,,,,0.370692406,0.368873198,0.52223706,,,,,,,,,
,,,,,,0.374576224,0.36148008,0.3746838,,,,,,,,,
,,,,,,0.37701223,0.361851412,0.367083992,,,,,,,,,
,,,,,,0.374714852,0.364684772,0.517395478,,,,,,,,,
,,,,,,0.371313706,0.361262976,0.375011032,,,,,,,,,
,,,,,,0.374837436,0.360839278,0.451428218,,,,,,,,,
,,,,,,0.370741222,0.367593012,0.383265354,,,,,,,,,
,,,,,,0.374474276,0.372456538,0.382658328,,,,,,,,,
,,,,,,0.374506334,0.361380598,0.59840634,,,,,,,,,
,,,,,,0.374190154,0.366399182,0.58991988,,,,,,,,,
,,,,,,0.370908486,0.361456856,0.502382658,,,,,,,,,
,,,,,,0.370995122,0.36426061,0.509474544,,,,,,,,,
,,,,,,0.371696738,0.361058004,0.368686824,,,,,,,,,
,,,,,,0.374544616,0.364231754,0.364651972,,,,,,,,,
,,,,,,0.374584158,0.368829084,0.370651406,,,,,,,,,
,,,,,,0.374303404,0.36061006,0.38481313,,,,,,,,,
,,,,,,0.374464946,0.36426061,0.497395674,,,,,,,,,
,,,,,,0.374628152,0.361410886,0.47988501,,,,,,,,,
,,,,,,0.376213532,0.361082772,0.366826346,,,,,,,,,
,,,,,,0.37100693,0.365984318,,,,,,,,,,
,,,,,,0.37452447,0.360774612,,,,,,,,,,
,,,,,,0.371311538,0.361058004,,,,,,,,,,
,,,,,,0.374612166,,,,,,,,,,,
,,,,,,0.376194192,,,,,,,,,,,
,,,,,,0.374090922,,,,,,,,,,,
,,,,,,0.370863666,,,,,,,,,,,
,,,,,,0.374685074,,,,,,,,,,,
,,,,,,0.374575628,,,,,,,,,,,
,,,,,,0.37089388,,,,,,,,,,,
,,,,,,0.374335898,,,,,,,,,,,
,,,,,,0.375336174,,,,,,,,,,,
,,,,,,0.374525598,,,,,,,,,,,
,,,,,,0.390153636,,,,,,,,,,,
,,,,,,0.37502242,,,,,,,,,,,
,,,,,,0.37452447,,,,,,,,,,,
,,,,,,0.374542644,,,,,,,,,,,
,,,,,,0.370606566,,,,,,,,,,,
,,,,,,0.37504821,,,,,,,,,,,
,,,,,,0.3707931,,,,,,,,,,,
,,,,,,0.382913932,,,,,,,,,,,
,,,,,,0.374545416,,,,,,,,,,,
,,,,,,0.370881108,,,,,,,,,,,
,,,,,,0.370908486,,,,,,,,,,,
,,,,,,0.374569774,,,,,,,,,,,
,,,,,,0.375142762,,,,,,,,,,,
,,,,,,0.374842778,,,,,,,,,,,
,,,,,,0.370908486,,,,,,,,,,,
,,,,,,0.37091382,,,,,,,,,,,
,,,,,,0.374475792,,,,,,,,,,,
,,,,,,0.371311538,,,,,,,,,,,
,,,,,,0.37720521,,,,,,,,,,,
,,,,,,0.378647986,,,,,,,,,,,
,,,,,,0.371234914,,,,,,,,,,,
,,,,,,0.374502386,,,,,,,,,,,
,,,,,,0.370955816,,,,,,,,,,,
,,,,,,0.37463734,,,,,,,,,,,
,,,,,,0.280751072,,,,,,,,,,,
,,,,,,0.370908312,,,,,,,,,,,
,,,,,,0.370741222,,,,,,,,,,,
,,,,,,0.37176,,,,,,,,,,,
,,,,,,0.370776838,,,,,,,,,,,
,,,,,,0.376515832,,,,,,,,,,,
,,,,,,0.370908486,,,,,,,,,,,
,,,,,,0.374502386,,,,,,,,,,,
,,,,,,0.370793076,,,,,,,,,,,
,,,,,,0.370520304,,,,,,,,,,,
,,,,,,0.370741222,,,,,,,,,,,
,,,,,,0.374277786,,,,,,,,,,,
,,,,,,0.377773946,,,,,,,,,,,
,,,,,,0.374475952,,,,,,,,,,,
,,,,,,0.374494432,,,,,,,,,,,
,,,,,,0.374910946,,,,,,,,,,,
,,,,,,0.370491248,,,,,,,,,,,
,,,,,,0.371791858,,,,,,,,,,,
,,,,,,0.383437444,,,,,,,,,,,
,,,,,,0.374502386,,,,,,,,,,,
,,,,,,0.37028113,,,,,,,,,,,
,,,,,,0.370917184,,,,,,,,,,,
,,,,,,0.363600206,,,,,,,,,,,
,,,,,,0.370748692,,,,,,,,,,,
,,,,,,0.370818732,,,,,,,,,,,
,,,,,,0.37079297,,,,,,,,,,,
,,,,,,0.371351856,,,,,,,,,,,
,,,,,,0.374502386,,,,,,,,,,,
,,,,,,0.374579332,,,,,,,,,,,
,,,,,,0.37115811,,,,,,,,,,,
,,,,,,0.328477508,,,,,,,,,,,
,,,,,,0.295539878,,,,,,,,,,,
,,,,,,0.370741222,,,,,,,,,,,
,,,,,,0.375127476,,,,,,,,,,,
,,,,,,0.371317766,,,,,,,,,,,
,,,,,,0.371098992,,,,,,,,,,,
,,,,,,0.376670802,,,,,,,,,,,
,,,,,,0.37814225,,,,,,,,,,,
,,,,,,0.370626066,,,,,,,,,,,
,,,,,,0.374864202,,,,,,,,,,,
,,,,,,0.374502386,,,,,,,,,,,
,,,,,,0.371190692,,,,,,,,,,,
,,,,,,0.370564066,,,,,,,,,,,
,,,,,,0.38040538,,,,,,,,,,,
,,,,,,0.372873186,,,,,,,,,,,
,,,,,,0.285374608,,,,,,,,,,,
,,,,,,0.372668172,,,,,,,,,,,
,,,,,,0.370778066,,,,,,,,,,,
