2020-Jan-Mar,2020-Apr-Jun,2020-Jul-Sep,2020-Oct-Dec,2021-Jan-Mar,2021-Apr-Jun,2021-Jul-Sep,2021-Oct-Dec,2022-Jan-Mar,2022-Apr-Jun,2022-Jul-Sep,2022-Oct-Dec,2023-Jan-Mar,2023-Apr-Jun,2023_Jul-Sep,2023_Oct-Dec,2024-Jan-Mar,2024-Apr-Jun
0.154955485,0.154179211,0.154955485,0.154527205,0.167257792,0.204710786,0.243612376,0.245093915,0.33959252,0.339363449,0.339380851,0.343584079,0.394121378,0.503433242,0.47239134,0.506223346,0.562357882,0.589673913
0.154179211,0.154955485,0.154179211,0.154179211,0.162351741,0.204710786,0.245827624,0.244107214,0.33959252,0.339363449,0.339380851,0.343584079,0.40805886,0.473871828,0.472583172,0.537581727,0.561972593,0.559244745
0.155398402,0.154463942,0.154179211,0.153980579,0.34494388,0.205074747,0.245807943,0.243104221,0.33959252,0.365042509,0.365087364,0.368061324,0.402010393,0.178753056,0.511498792,0.537570621,0.587441061,0.562048801
0.157828761,0.155398402,0.15397671,0.154179211,0.345027607,0.164838924,0.242888939,0.2441857,0.364584813,0.339813114,0.339803255,0.34401229,0.396955341,0.50356477,0.473987285,0.538080237,0.562848159,0.563584146
0.155016065,0.154633776,0.154179211,0.157067302,0.308121898,0.336981252,0.24905854,0.238949071,0.340114441,0.339341875,0.339355729,0.343552969,0.418336819,0.490261348,0.513379106,0.53684374,0.562737501,0.563464507
0.154955485,0.158270574,0.153874342,0.15625409,0.193784034,0.165191622,0.247379534,0.243261904,0.339537012,0.339634529,0.34672491,0.3949853,0.418278579,0.50260401,0.512616308,0.536769851,0.559639008,0.57903163
0.280026068,0.154950127,0.160627372,0.154662213,0.165369785,0.268882523,0.24681204,0.244052698,0.310673167,0.238354434,0.391420556,0.3949853,0.418148275,0.506497308,0.54678247,0.539639166,0.589039919,0.589673913
0.15705982,0.154955485,0.154179211,0.154519059,0.193819709,0.178614581,0.247954333,0.238780103,0.33959252,0.339386959,0.391302388,0.397122928,0.418145777,0.502491697,0.473728156,0.528753016,0.561329736,0.575964383
0.154634106,0.154955485,0.154575744,0.154013885,0.336325688,0.167683216,0.246309282,0.30028345,0.307845838,0.341003375,0.391380815,0.3949853,0.404171976,0.50279001,0.472154643,0.537731125,0.589039919,0.589673913
0.155914358,0.189234894,0.154430538,0.156232099,0.241162417,0.285864927,0.245145704,0.287699361,0.243176678,0.346583895,0.396933655,0.420408641,0.442935055,0.503440883,0.506067644,0.548362306,0.560408066,
0.172360201,0.153911244,0.154149216,0.154804928,0.241370017,0.23723375,0.246091976,0.243261904,0.339781196,0.330032095,0.377983364,0.416923246,0.418583299,0.481312596,0.474281329,0.541016224,0.562645141,
0.154058555,0.154356704,0.1556507,0.160968576,0.335038454,0.237347242,0.246309282,0.300284595,0.302298035,0.391216684,0.346624729,0.393689868,0.418336819,0.503465278,0.500520721,0.543779965,0.584380416,
0.154463942,0.154575744,0.154527205,0.154527205,0.335765466,0.23701146,0.242774791,0.244107214,0.307706667,0.391216684,0.405169475,0.397122928,0.394121378,0.501552846,0.337058047,0.536427468,0.562260568,
0.155042848,0.154575744,0.154825683,0.154694482,0.336527402,0.23723375,0.198342274,0.244581166,0.33934682,0.339466679,0.391380815,0.415824364,0.417936817,0.503394084,0.389357294,0.535057628,0.562648457,
0.155265691,0.154575744,0.154179211,0.154252551,0.402311125,0.330319713,0.198557471,0.247009282,0.308067996,0.3404124,0.340378888,0.438859181,0.394160038,0.437711089,0.439007457,0.471189056,0.588916156,
0.156414609,0.155384594,0.154179211,0.154693219,0.172034551,0.165253814,0.198650998,0.244838397,0.307845838,0.339336198,0.33964667,0.3949853,0.443702103,0.437096934,0.429933862,0.537085047,0.566177346,
0.155504988,0.156962079,0.151745292,0.151745292,0.286878823,0.344918121,0.198436541,0.186811601,0.307876151,0.339741538,0.339380851,0.395269526,0.394121378,0.438136165,0.437427602,0.53703412,0.559381659,
0.154179211,0.154137693,0.15492804,0.154571149,0.237196249,0.344215242,0.198232974,0.214559614,0.339547282,0.354950549,0.391315487,0.3949853,0.394035071,0.469593991,0.472583172,0.512156325,0.562848159,
0.154228956,0.154575744,0.155125706,0.154527205,0.244168864,0.344752451,0.246817307,0.214272865,0.33967432,0.339397025,0.391195417,0.395695487,0.431233111,0.502980502,0.50013898,0.547934515,0.589223183,
0.155283576,0.155797244,0.154519059,0.154313239,0.194194875,0.194408987,0.246765969,0.179344329,0.307829884,0.339363449,0.339123825,0.394949459,0.417261786,0.467827964,0.506315488,0.515404074,0.464000704,
0.154955485,0.153980426,0.154248548,0.154179211,0.333548296,0.196038914,0.24681204,0.186672167,0.302358498,0.339335625,0.339380851,0.45316233,0.394121378,0.468428308,0.506502417,0.524568458,0.561914742,
0.165365755,0.154179211,0.176111386,0.154492211,0.199452465,0.194374781,0.246660842,0.185755577,0.244536848,0.340129525,0.391137245,0.394765691,0.442820553,0.472915151,0.506251776,0.537570878,0.584380416,
0.241299019,0.155839489,0.153980579,0.154633957,0.308962428,0.24783348,0.246861318,0.301120908,0.30713631,0.339350027,0.395408897,0.417100382,0.442091148,0.478324267,0.471706011,0.536946053,0.588428545,
0.160928438,0.189780928,0.154963448,0.158065516,0.308975225,0.194579985,0.247105479,0.244773425,0.307204747,0.339363449,0.391380815,0.395291491,0.439425866,0.503600836,0.474395346,0.536946053,0.588585501,
0.161847441,0.166904479,0.161713088,0.178570701,0.169992774,0.194583245,0.246862342,0.246374396,0.307923297,0.340386863,0.339386079,0.394765317,0.472413081,0.477998127,0.472267372,0.516186806,0.562848159,
0.155032745,0.154140849,0.189234894,0.154632447,0.163357427,0.194498365,0.24681204,0.246430857,0.304571464,0.339914252,0.391380815,0.396222828,0.458850244,0.472818502,0.499973869,0.51554653,0.560495937,
0.154356704,0.15460048,0.307831689,0.166430931,0.162254566,0.194438124,0.247322671,0.250294899,0.307979633,0.339994598,0.340012201,0.3949853,0.462560915,0.468812692,0.500839555,0.536686304,0.560767319,
0.154575744,0.154575744,0.310069185,0.154179211,0.170859653,0.240983122,0.246754485,0.246374396,0.307820564,0.339490393,0.389436722,0.393689868,0.459611824,0.472887003,0.50696539,0.538672181,0.589039919,
0.154575744,0.154575744,0.154459944,0.154852105,0.193718674,0.243920161,0.24681204,0.246298452,0.307836607,0.339428087,0.379092983,0.39509462,0.418414018,0.468428308,0.509473905,0.547878147,0.589039919,
0.154575744,0.155649229,0.155585421,0.154527205,0.195783902,0.194813964,0.246868799,0.244936112,0.307845838,0.339467386,0.390168319,0.395087179,0.433433106,0.46873318,0.472583172,0.535405136,0.573023967,
0.155384594,0.190148262,0.15645477,0.154208267,0.241182585,0.19431466,0.247251703,0.244229729,0.307832412,0.339363449,0.378115567,0.393852449,0.394195527,0.503370381,0.509665046,0.535191933,0.562441802,
0.156962079,0.154575744,0.154382161,0.161640025,0.286977859,0.194408987,0.246786473,0.246374396,0.308096903,0.339447712,0.391240474,0.401603109,0.399035157,0.472728416,0.472679798,0.542808906,0.560562984,
0.154137693,0.154570423,0.154179211,0.176111386,0.241967745,0.194138296,0.246628763,0.246367844,0.307738956,0.355092211,0.391380251,0.397122928,0.418389674,0.473391695,0.509473905,0.537570621,0.572431434,
0.154575744,0.156295142,0.162523139,0.154430671,0.196070605,0.194758901,0.246901526,0.246374396,0.340779487,0.389289762,0.390168319,0.395087179,0.241599262,0.468428308,0.499930639,0.533558498,0.588592897,
0.155797244,0.154179211,0.154638642,0.156056319,0.28581778,0.241902753,0.250500843,0.247326744,0.339641408,0.357595576,0.392155575,0.461648206,0.238702056,0.473044185,0.506061743,0.511674959,0.588816491,
0.153980426,0.15461015,0.154179211,0.154599331,0.287377716,0.241183775,0.247878389,0.247101604,0.354600737,0.339363449,0.391569171,0.3949853,0.242972422,0.502729081,0.506315488,0.534849095,0.592274653,
0.154179211,0.154571271,0.154356704,0.155164424,0.285705091,0.241183775,0.246834665,0.246374396,0.339811789,0.339363449,0.391407134,0.3949853,0.474097058,0.482155393,0.509473905,0.483168318,0.588011211,
0.155839489,0.154560022,0.154179211,0.154202098,0.195532034,0.308136451,0.246811877,0.247266672,0.340199168,0.339363449,0.339490043,0.394901786,0.411875159,0.48211628,0.506584275,0.503479594,0.588394099,
0.189780928,0.15469733,0.154356704,0.154935626,0.165537699,0.241183775,0.246873409,0.246564011,0.307145075,0.307494611,0.391349656,0.420344688,0.440087226,0.472391797,0.47280807,0.499544,0.588652042,
0.166904479,0.155938086,0.159572618,0.154630325,0.193784034,0.180412629,0.24681204,0.246520009,0.339531955,0.323436171,0.391779895,0.430936643,0.47392065,0.468434072,0.508394,0.503530589,0.588800523,
0.154140849,0.154578663,0.154324222,0.154562005,0.250312152,0.240895629,0.247158389,0.246440659,0.339977007,0.388390013,0.391526836,0.416923246,0.447756268,0.506430251,0.500184923,0.50201629,0.584380416,
0.15460048,0.155746622,0.235493189,0.15483131,0.251019541,0.329716755,0.248486169,0.244093661,0.306635462,0.307494611,0.396984446,0.394897651,0.5040503,0.46844072,0.500642795,0.508871112,0.588915891,
0.154575744,0.15494837,0.155009461,0.154527205,0.338013248,0.330989334,0.247575819,0.244107214,0.30750613,0.339579883,0.35521846,0.419425133,0.4696577,0.472818502,0.506031363,0.500176872,0.587237571,
0.154575744,0.155938086,0.158652286,0.15410248,0.239193512,0.236726856,0.24688204,0.250294899,0.33959252,0.342231122,0.339531576,0.453559912,0.474097058,0.472718034,0.474811967,0.535832513,0.508998815,
0.155649229,0.154970708,0.154950127,0.154527205,0.20982698,0.292816954,0.247391954,0.246443004,0.338328402,0.33945866,0.391392706,0.424488178,0.440138168,0.47275952,0.513760392,0.537040929,0.560776814,
0.190148262,0.154367752,0.157372218,0.154430157,0.29390121,0.328503889,0.246825597,0.246969342,0.353317845,0.309242889,0.40589605,0.407834158,0.439283946,0.472442333,0.442667657,0.536480345,0.560451797,
0.154575744,0.15494314,0.154160449,0.341991432,0.296667979,0.240895629,0.246848471,0.246458813,0.278670839,0.307039563,0.3822108,0.430927061,0.394473017,0.472355075,0.509722628,0.50177646,0.557614093,
0.154570423,0.154179211,0.154678167,0.191844325,0.296451869,0.164840955,0.247036728,0.244107214,0.297982832,0.308916707,0.391380815,0.431332082,0.439913306,0.474126252,0.501467599,0.536814897,0.565897852,
0.156295142,0.154418215,0.153337709,0.191082657,0.163233698,0.168276745,0.244243966,0.246435053,0.318850997,0.309940164,0.391538203,0.416833894,0.474404413,0.481663513,0.517466658,0.524658159,0.588816491,
0.154179211,0.246351612,0.153630012,0.154176283,0.163510378,0.336089853,0.245835157,0.246520009,0.295983543,0.391216684,0.391519744,0.393697943,0.439198135,0.472467517,0.521378207,0.500630894,0.544748801,
0.15461015,0.156056068,0.155377227,0.154135959,0.163024473,0.34474556,0.249177802,0.24630968,0.311834537,0.240627166,0.39170154,0.437222127,0.474213232,0.472345794,0.537420403,0.551127108,0.561819819,
0.154571271,0.155296428,0.154179211,0.155122291,0.162827466,0.19632581,0.246833176,0.246374396,0.313148474,0.241713397,0.391380815,0.416923246,0.474124705,0.472326801,0.513849552,0.539585111,0.562614512,
0.154560022,0.160411211,0.154179211,0.154176283,0.192905672,0.337372803,0.252952912,0.244229729,0.319025012,0.337378505,0.39144158,0.42809418,0.375785051,0.501778727,0.501356308,0.501274516,0.555772518,
0.15469733,0.15397671,0.156751249,0.154179211,0.162407179,0.349443219,0.248995433,0.248027304,0.339201618,0.338063989,0.3913058,0.417209645,0.474097058,0.473281026,0.510488104,0.51696428,0.560830884,
0.155938086,0.156507939,0.154575744,0.156470158,0.162651212,0.361845969,0.245890546,0.246374396,0.293633667,0.337316066,0.391380815,0.444280421,0.474650009,0.472442333,0.485435021,0.546864192,0.560336326,
0.154578663,0.154335364,0.184803531,0.154812411,0.162754581,0.38142554,0.246954182,0.244107214,0.289720424,0.336936387,0.391380815,0.404043965,0.47623362,0.472674489,0.505298835,0.456269196,0.562276523,
0.155746622,0.154678733,0.154575744,0.153897416,0.162335283,0.38897301,0.251121127,0.244217949,0.297823859,0.338139515,0.39134264,0.416923246,0.39437457,0.473853647,0.507538965,0.524342202,0.559469482,
0.15494837,0.152934028,0.154575744,0.162989304,0.167169257,0.386133183,0.245807943,0.246374396,0.327181113,0.382025031,0.391433379,0.415987425,0.39430207,0.473010193,0.500157381,0.535827709,0.579768954,
0.155938086,0.168196179,0.155384594,0.162523139,0.167338734,0.38900499,0.249266696,0.308688368,0.300168745,0.364734979,0.391380815,0.43581884,0.417503764,0.471946918,0.534603161,0.456465083,0.560408066,
0.154970708,0.154274709,0.156962079,0.241329315,0.345180342,0.287199756,0.250381076,0.201319305,0.33797959,0.339628503,0.391252742,0.186655517,0.446028973,0.472333443,0.511402975,0.53684374,0.559990783,
0.154367752,0.153848944,0.154137693,0.240571717,0.345027607,0.335680873,0.249121313,0.176242944,0.245535426,0.346453822,0.392013147,0.436134835,0.440495172,0.482046185,0.5004435,0.547616515,0.519130486,
0.15494314,0.154213683,0.154575744,0.15397671,0.195380002,0.194308982,0.24681204,0.308702298,0.339123503,0.339525746,0.391426048,0.472010366,0.418413454,0.473226606,0.504722785,0.537381609,0.562523838,
0.154179211,0.154228956,0.155797244,0.155320483,0.194372753,0.312340981,0.245702296,0.204658286,0.350887997,0.364186798,0.391413456,0.394866687,0.473801293,0.502705383,0.523082531,0.530759243,0.588800523,
0.154418215,0.15622452,0.153980426,0.154955485,0.162832028,0.309913022,0.192777643,0.176148763,0.302008219,0.362389606,0.391298729,0.185473127,0.471855596,0.482039027,0.505980457,0.538331476,0.562949602,
0.246351612,0.168413817,0.154179211,0.154356704,0.254461321,0.195133882,0.322583443,0.304102195,0.420962686,0.338883663,0.415136899,0.43581884,0.481894475,0.476123097,0.420746069,0.537570621,0.555516108,
0.156056068,0.193613365,0.155839489,0.156638572,0.28581778,0.194376841,0.320305666,0.304015091,0.420999648,0.391192745,0.391380815,0.43581884,0.408054826,0.502539268,0.507538965,0.529788995,0.589231025,
0.155296428,0.154562161,0.189780928,0.154611893,0.236949914,0.241987218,0.34524143,0.299322033,0.309183705,0.377585351,0.340361493,0.43581884,0.50441359,0.482122759,0.498355271,0.547793906,0.588976918,
0.160411211,0.154836066,0.166904479,0.159686388,0.162424437,0.296829557,0.34524143,0.196375518,0.310454685,0.358043611,0.391469377,0.428504566,0.503881373,0.473557978,0.515655383,0.537865209,0.589039919,
0.15397671,0.1556507,0.154140849,0.154562051,0.284996478,0.239359993,0.345998136,0.349773463,0.310088449,0.353484063,0.391320342,0.435758367,0.474071478,0.509996,0.535662198,0.536878911,0.562751765,
0.156507939,0.154093229,0.15460048,0.246351612,0.193790814,0.286231526,0.245706877,0.243019892,0.301780412,0.377978991,0.400286454,0.435792335,0.476402949,0.472442333,0.500224739,0.502864149,0.58701156,
0.154335364,0.153630012,0.154575744,0.240402712,0.1694004,0.194350155,0.346593671,0.243104221,0.300221803,0.379359612,0.391326286,0.395038476,0.474635287,0.4729831,0.498687271,0.528950743,0.555434221,
0.154678733,0.156456418,0.154575744,0.155839489,0.165770178,0.286152595,0.346986519,0.244161123,0.3000724,0.374431938,0.391380815,0.394212211,0.472997987,0.472442333,0.516917676,0.507398084,0.575222051,
0.152934028,0.154135638,0.155649229,0.154427057,0.164254998,0.244409912,0.346624581,0.306608999,0.300295245,0.365962674,0.391380815,0.395052975,0.4739137,0.481560806,0.507355596,0.508833543,0.592274653,
0.168196179,0.154209638,0.190148262,0.154307944,0.307760791,0.242384978,0.346365356,0.300088753,0.300692078,0.393898481,0.391399545,0.194665728,0.473797536,0.473281026,0.479319569,0.508431908,0.581071823,
0.154274709,0.161713088,0.154575744,0.154179211,0.160035638,0.24208447,0.346949564,0.300047277,0.300079681,0.390818468,0.391148672,0.39497237,0.474097058,0.472818502,0.506822411,0.504421466,0.588681443,
0.153848944,0.154328591,0.154570423,0.154492995,0.163172483,0.286508878,0.246309334,0.300336055,0.299885385,0.391707647,0.391428209,0.393689868,0.474085464,0.472689574,0.506754362,0.498023087,0.561040168,
0.154213683,0.154418087,0.156295142,0.154160229,0.192186891,0.194408987,0.245770075,0.305477357,0.241693224,0.339226259,0.391308162,0.413592636,0.474094353,0.502017238,0.535265433,0.504775666,0.572815968,
0.15622452,0.153852452,0.15461015,0.154326847,0.242117286,0.241479206,0.246711621,0.29945062,0.244087068,0.312658669,0.391380815,0.436815253,0.474157937,0.489679471,0.506059128,0.537649274,0.576637214,
0.168413817,0.172151306,0.154571271,0.164332066,0.242525534,0.240895629,0.247999824,0.339754875,0.243997208,0.339877649,0.407888365,0.419932375,0.474383851,0.473023137,0.488465132,0.537440121,0.464000704,
0.193613365,0.154935725,0.154560022,0.154179211,0.313250623,0.194447442,0.24681204,0.243669408,0.242923316,0.33897766,0.39137987,0.420091129,0.474597388,0.514993779,0.499524864,0.506127422,,
0.154562161,0.154232256,0.15469733,0.154283992,0.260569013,0.174282637,0.245036887,0.244155092,0.243176678,0.339432957,0.391686726,0.428709441,0.473681036,0.473551819,0.505527729,0.508988148,,
0.154836066,0.157359564,0.155938086,0.172222176,0.167977648,0.241950562,0.246978497,0.243669408,0.243212878,0.391205979,0.391632648,0.42648093,0.474054376,0.472515132,0.474271366,0.51858842,,
0.1556507,0.154180969,0.154578663,0.155384108,0.256394776,0.241843639,0.24681204,0.243089484,0.306987413,0.341640474,0.382222255,0.426432842,0.474800747,0.47829526,0.499734808,0.517639235,,
0.154093229,0.164628847,0.155746622,0.165489496,0.167518402,0.241641654,0.246773691,0.244107214,0.302218917,0.339401369,0.391309423,0.420091129,0.473238081,0.472312162,0.487841821,0.478521391,,
0.153630012,0.191082657,0.15494837,0.155822818,0.162316701,0.194725555,0.246062671,0.24671398,0.306820524,0.339308402,0.379138915,0.432527286,0.473425777,0.502430501,0.481515535,0.53330416,,
0.156456418,0.15397671,0.155938086,0.15430718,0.165065154,0.19567599,0.246482761,0.244107214,0.314365666,0.378014386,0.391227248,0.426940032,0.48231206,0.473100511,0.500583535,0.50077829,,
0.154135638,0.155068478,0.154970708,0.154447115,0.162351741,0.19581819,0.24681204,0.244107214,0.342821456,0.339350007,0.391411887,0.42228669,0.462546659,0.480855353,0.520979676,0.529239885,,
0.154209638,0.245271523,0.154367752,0.191230241,0.162351741,0.195744556,0.246842614,0.245636135,0.304397708,0.339363449,0.395408897,0.43870557,0.473582335,0.504344671,0.483376185,0.506233043,,
0.161713088,0.171215763,0.15494314,0.15186398,0.162897651,0.339883726,0.243338864,0.244802927,0.302112851,0.339363449,0.391380815,0.431241065,0.474909883,0.501971084,0.474869514,0.518092611,,
0.154328591,0.153112382,0.154179211,0.160181114,0.193784034,0.241267844,0.246711629,0.244880239,0.303932207,0.339718411,0.391406081,0.443889607,0.47412073,0.501627059,0.473043989,0.507684321,,
0.154418087,0.191082657,0.154418215,0.154179211,0.162958355,0.241183775,0.247215593,0.244107214,0.307585375,0.37973685,0.398513869,0.245031957,0.474055813,0.472405772,0.515287381,0.501781357,,
0.153852452,0.31703471,0.246351612,0.156192536,0.174979944,0.194579942,0.245956557,0.24425737,0.308651021,0.341265307,0.391468276,0.384009336,0.473412465,0.505263792,0.483535853,0.537032772,,
0.172151306,0.154697984,0.156056068,0.156456418,0.162740011,0.194496089,0.255816781,0.244148091,0.339501129,0.339804878,0.384555644,0.41991432,0.473709545,0.503394451,0.484154525,0.481041161,,
0.154935725,0.154179211,0.155296428,0.154540497,0.254461321,0.194408987,0.247601452,0.252289521,0.307648843,0.334701593,0.391380815,0.432711764,0.474160873,0.472551645,0.482221883,0.508355965,,
0.154232256,0.154710787,0.160411211,0.191489877,0.243165494,0.166024571,0.24681204,0.252289521,0.339563222,0.334681768,0.391302388,0.438720062,0.474145773,0.50131484,0.505250341,0.507885761,,
0.157359564,0.154149216,0.156507939,0.155009787,0.165042954,0.341737002,0.245809888,0.245022058,0.339322962,0.396451962,0.391380815,0.437868391,0.474097058,0.472745926,0.499713714,0.508988148,,
0.154180969,0.154119688,0.154335364,0.155006873,0.240347567,0.343732934,0.245807943,0.306671312,0.307845838,0.33955724,0.395170964,0.425890654,0.474607797,0.501501871,0.520928991,0.517258106,,
0.164628847,0.155353784,0.154678733,0.178464401,0.174979944,0.240895629,0.246909094,0.298963169,0.302161088,0.339458413,0.391275579,0.437311335,0.453502937,0.48348813,0.506059128,0.530482763,,
0.191082657,0.155004826,0.152934028,0.154179211,0.162351741,0.240941236,0.24593681,0.24405934,0.304011094,0.308847424,0.392074409,0.396621202,0.47345794,0.477892909,0.472701622,0.529073203,,
0.15397671,0.155042848,0.168196179,0.154179211,0.163581105,0.287199756,0.24681204,0.29068347,0.430983092,0.320118893,0.391350007,0.454815148,0.462438116,0.473096402,0.499110063,0.500805493,,
0.155068478,0.154492995,0.154274709,0.154179211,0.189862389,0.255294765,0.245807943,0.246598377,0.307547813,0.307403649,0.391380815,0.395777875,0.473864584,0.472882329,0.503486528,0.532752237,,
0.245271523,0.170598191,0.153848944,0.153207684,0.161381008,0.295891515,0.246266465,0.244327798,0.339898318,0.305011303,0.391413576,0.395022062,0.473146634,0.472819072,0.49910983,0.486981543,,
0.171215763,0.154179211,0.154213683,0.154372202,0.162351741,0.295427233,0.250142674,0.244622548,0.339026721,0.339387395,0.391380815,0.401905695,0.473324027,0.472481796,0.499482777,0.472257158,,
0.153112382,0.168104105,0.154228956,0.154372202,0.162351741,0.241881704,0.247313012,0.244622548,0.339551618,0.391404463,0.339380851,0.394791773,0.474569951,0.483676452,0.475957862,0.530299475,,
0.191082657,0.156593686,0.15622452,0.153837122,0.162893004,0.292516271,0.246804127,0.244387691,0.243317733,0.364236511,0.391380815,0.395089991,0.462288799,0.4727941,0.511952658,0.508995851,,
0.31703471,0.154179211,0.168413817,0.244456842,0.165065154,0.241267035,0.248900127,0.238793787,0.244112802,0.30809251,0.391380815,0.395002772,0.472798154,0.490655098,0.503630204,0.532752237,,
0.154697984,0.154176283,0.193613365,0.24790405,0.240347567,0.250680641,0.247931488,0.238906253,0.243734608,0.312569588,0.393953789,0.394976462,0.473833258,0.504487791,0.499952954,0.518467573,,
0.154179211,0.216816045,0.154562161,0.256330735,0.183521258,0.194237313,0.24681204,0.241688606,0.243177119,0.308852104,0.391608372,0.3949853,0.474207716,0.507217797,0.50216048,0.519097812,,
0.154710787,0.195408406,0.154836066,0.246336245,0.163124871,0.23862576,0.248193492,0.243159153,0.243941518,0.339096614,0.415136899,0.395017533,0.474161168,0.508166487,0.520214464,0.48155303,,
0.154149216,0.154429538,0.1556507,0.246336245,0.16334548,0.240983122,0.246913821,0.246374396,0.243365236,0.339450716,0.391418202,0.394978248,0.475223756,0.473587923,0.533527304,0.505046525,,
0.154119688,0.154720785,0.154093229,0.246008984,0.162355185,0.311459637,0.247178273,0.244163,0.332907646,0.307081732,0.391602522,0.426821899,0.474097058,0.503764806,0.504432988,0.546314531,,
0.155353784,0.153832632,0.156456418,0.157459645,0.193784034,0.241902753,0.246842251,0.243310203,0.244162172,0.339483177,0.391190299,0.431936415,0.476100974,0.482122759,0.503711649,0.518903932,,
0.156638572,0.155265691,0.154135638,0.237269985,0.195380002,0.241859583,0.248583869,0.300388806,0.243176678,0.307668739,0.391814874,0.474160967,0.473951051,0.503536879,0.499802622,0.498954584,,
0.155986578,0.156951545,0.154209638,0.171004989,0.254461321,0.243032728,0.249944342,0.299940007,0.243845611,0.339071234,0.395458313,0.395037462,0.473961532,0.471666208,0.541267707,0.518920544,,
0.15527185,0.154242896,0.154328591,0.155239893,0.162635795,0.194582351,0.246801679,0.307017142,0.244580078,0.339363449,0.391301239,0.435773527,0.472119406,0.472818502,0.537580955,0.518145899,,
0.155036894,0.154731139,0.154418087,0.154033473,0.162395968,0.241281648,0.245807943,0.306424005,0.243414759,0.339708495,0.391385086,0.43581884,0.474113274,0.473274632,0.499189461,0.490519889,,
0.155230856,0.154437437,0.153852452,0.154575744,0.177844347,0.3445573,0.245908294,0.244107214,0.24593743,0.339373493,0.393371408,0.423077286,0.474097058,0.503143173,0.521939497,0.518216002,,
0.154955485,0.154663817,0.172151306,0.154575744,0.24311565,0.344553491,0.245807943,0.244866872,0.243176678,0.339734898,0.409925996,0.415577008,0.478535277,0.472924154,0.507312499,0.500964494,,
0.154742097,0.193274141,0.154935725,0.154575744,0.309219812,0.340358366,0.245807943,0.243261904,0.244274413,0.339344731,0.175485782,0.381600595,0.476037553,0.476845498,0.48707946,0.501668433,,
0.219794523,0.194505596,0.154232256,0.155384594,0.301199895,0.194341431,0.245620575,0.243239262,0.246245944,0.339363449,0.393124826,0.431466259,0.473396311,0.511009357,0.522596212,0.501792383,,
0.154691405,0.194977758,0.157359564,0.156962079,0.300330597,0.194290812,0.25029047,0.243239262,0.24593743,0.365042509,0.391253243,0.401905695,0.483087071,0.504914389,0.537724481,0.535654903,,
0.155684507,0.171540674,0.154180969,0.154137693,0.24269075,0.195455803,0.246359468,0.245083389,0.244627883,0.339480521,0.391135137,0.431488231,0.479747468,0.472721904,0.540656198,0.48222248,,
0.154720785,0.151479503,0.164628847,0.154575744,0.174637991,0.1930543,0.25013682,0.243691673,0.244084689,0.380828839,0.39144732,0.3949853,0.473871971,0.468428308,0.499482777,0.518674108,,
0.153832632,0.153946055,0.191082657,0.155797244,0.253987811,0.194433801,0.245807943,0.244107214,0.244119121,0.384308031,0.240687123,0.42264845,0.474555294,0.502773168,0.499602712,0.518008063,,
0.155423441,0.161461393,0.15397671,0.153980426,0.246319316,0.194434951,0.245648515,0.243415921,0.245639095,0.339371501,0.24000511,0.435699177,0.473640715,0.472818502,0.49811978,0.509767584,,
0.154955485,0.158251459,0.155068478,0.189780928,0.267791429,0.21330311,0.247660188,0.244141415,0.245535426,0.340243722,0.240725798,0.428079027,0.473863013,0.504914389,0.513473073,0.517907325,,
0.154179211,0.157172602,0.245271523,0.158242577,0.162815849,0.194542972,0.303832764,0.243261904,0.244087068,0.339343918,0.240708777,0.395142414,0.441471409,0.473561435,0.521269055,0.517821311,,
0.154179211,0.265618255,0.171215763,0.154140849,0.162144623,0.241063312,0.247219172,0.243297621,0.244093472,0.339172452,0.242622356,0.426664648,0.474549333,0.436733372,0.511885669,0.518855904,,
0.153931036,0.154179211,0.153112382,0.15460048,0.162351741,0.284566746,0.303905871,0.244748586,0.244120788,0.339363449,0.335584224,0.434116149,0.420991789,0.459007277,0.476529067,0.519196052,,
0.155032177,0.154179211,0.191082657,0.154575744,0.162540571,0.241145881,0.309519262,0.243261904,0.244064787,0.33955724,0.338630921,0.454434511,0.445114824,0.437711089,0.544961888,0.534001141,,
0.155145786,0.153852452,0.31703471,0.154575744,0.162247555,0.240916331,0.246838767,0.243449705,0.244087068,0.302096528,0.338105675,0.435336205,0.394121378,0.495898618,0.520309904,0.509767584,,
0.154179211,0.153841064,0.154697984,0.155649229,0.163318404,0.237131538,0.246858704,0.244518315,0.244235124,0.339641127,0.384025979,0.43718785,0.409508345,0.503600836,0.513590107,0.500583912,,
0.155264091,0.1542118,0.154179211,0.190148262,0.162386492,0.237199947,0.246801542,0.244257033,0.253017058,0.33955724,0.336801187,0.397614236,0.444141014,0.504262334,0.488497252,0.516590329,,
0.174363111,0.154179211,0.154710787,0.154575744,0.161534631,0.241774845,0.245816453,0.246577132,0.24378949,0.33955724,0.38853644,0.453377947,0.443479877,0.423027714,0.514503429,0.536973584,,
0.154252551,0.155585421,0.154119688,0.154570423,0.192260872,0.241090258,0.298858577,0.243261904,0.307999464,0.33962245,0.391973688,0.436226443,0.450293912,0.471209448,0.500788843,0.472209871,,
0.156487509,0.154179211,0.155353784,0.156295142,0.207549946,0.284776477,0.245835157,0.252793346,0.336831903,0.33947584,0.391011078,0.394974368,0.474372831,0.440088234,0.506767069,0.536973584,,
0.190792302,0.153976233,0.185287782,0.15461015,0.164370272,0.237080203,0.24679414,0.244107214,0.339435618,0.308181313,0.396167573,0.440330368,0.474962976,0.46855253,0.513742028,0.537791679,,
0.154636523,0.154090482,0.284136369,0.154571271,0.162528186,0.236903549,0.248721744,0.244806936,0.302160655,0.342672506,0.403103848,0.43581884,0.454355307,0.444861874,0.510131296,0.50998731,,
0.15534829,0.154904854,0.240270822,0.154560022,0.162351741,0.171601176,0.253083561,0.243235045,0.302204093,0.341125831,0.407174733,0.434372199,0.453289969,0.472789136,0.51612678,0.538227024,,
0.161381689,0.155804087,0.240637279,0.15469733,0.199681862,0.169026695,0.295229636,0.24540768,0.247192877,0.332704228,0.390996695,0.437140204,0.462560223,0.476240699,0.482638348,0.531991178,,
0.15755556,0.153931036,0.155056445,0.155938086,0.200375663,0.312413837,0.249172092,0.244731714,0.247016022,0.339515039,0.36551261,0.434775971,0.460608847,0.506754218,0.484233567,0.537570621,,
0.154955485,0.156631485,0.175308828,0.154578663,0.161795354,0.241183775,0.246977581,0.243398222,0.33971978,0.339575228,0.41790846,0.433055778,0.443559983,0.470172582,0.477581417,0.510946842,,
0.155462171,0.15435888,0.156638572,0.155746622,0.162351741,0.194324252,0.247322671,0.258854884,0.340276744,0.363379874,0.392918144,0.436900284,0.502793024,0.503226471,0.500213842,0.501056345,,
0.183425974,0.257910554,0.167825848,0.15494837,0.161775733,0.344760431,0.219554796,0.244127986,0.339325516,0.340149049,0.391252597,0.440330368,0.474907563,0.47288461,0.517318861,0.516590329,,
0.15442834,0.154252551,0.154287934,0.155938086,0.162371961,0.242300036,0.245706877,0.244197289,0.307845838,0.339363449,0.421781133,0.420091129,0.443447217,0.51111407,0.499862541,0.518623247,,
0.155133036,0.174363111,0.240571717,0.154970708,0.196094462,0.241183775,0.194778417,0.243380014,0.308158852,0.395734065,0.405240745,0.435787616,0.439425866,0.470256223,0.513776994,0.537730839,,
0.156494732,0.178179344,0.158047997,0.154367752,0.304523969,0.196217027,0.309880005,0.244748322,0.307884827,0.39324145,0.420448132,0.435792529,0.446011692,0.468083581,0.473001753,0.535456221,,
0.156515849,0.154179211,0.154720785,0.15494314,0.196184704,0.24139894,0.21087068,0.243205111,0.420084429,0.33932216,0.424360315,0.435879268,0.394224525,0.422463068,0.499846179,0.509767584,,
0.157346597,0.154033613,0.153832632,0.154179211,0.162188547,0.334629696,0.212330438,0.243340569,0.39134788,0.340039811,0.420448132,0.449718201,0.393827587,0.472818502,0.481403178,0.5008758,,
0.192646663,0.171806856,0.155265691,0.154881526,0.193749805,0.241329432,0.298844219,0.244818398,0.391506438,0.307503937,0.396228247,0.435611518,0.447333451,0.502368746,0.472249137,0.53711465,,
0.29780531,0.154135959,0.154492995,0.156056068,0.161189576,0.193910671,0.242774791,0.243645443,0.401980647,0.312620615,0.422324039,0.435926419,0.394121378,0.505648398,0.482051648,0.502828155,,
0.265897585,0.154378286,0.153923236,0.155296428,0.162596288,0.194290812,0.242774791,0.306927109,0.39722189,0.362286265,0.420631442,0.435564186,0.435678873,0.503817887,0.473180074,0.508315133,,
0.156932253,0.16755,0.154262354,0.160411211,0.163380864,0.194749597,0.242774791,0.243104221,0.416927314,0.381976944,0.421762076,0.43581884,0.432689066,0.503664682,0.477155309,0.507672501,,
0.167410752,0.154179211,0.154194135,0.156507939,0.336390609,0.242110093,0.243312317,0.243333136,0.308012084,0.339363449,0.420448132,0.435734901,0.439276556,0.386601091,0.473597645,0.537267738,,
0.351111283,0.154381827,0.156054508,0.154335364,0.193943904,0.194441892,0.197990728,0.243104221,0.308145812,0.338620758,0.402918481,0.39208678,0.439624753,0.503501225,0.472290572,0.53522634,,
0.195635324,0.154289784,0.155822818,0.154678733,0.193784034,0.194204178,0.245807943,0.243522816,0.307968186,0.341118556,0.420821107,0.394975444,0.460402767,0.473662001,0.513784522,0.506516529,,
0.167268823,0.154600787,0.161906789,0.152934028,0.194541123,0.194486504,0.245807943,0.243067699,0.302298035,0.340444906,0.418034794,0.43581884,0.482209713,0.472854827,0.482173639,,,
0.160965715,0.154160449,0.154546858,0.168196179,0.200189871,0.194123588,0.247995016,0.248050376,0.33959252,0.339363449,0.41874197,0.400268342,0.433625846,0.503060369,0.500783637,,,
0.16201851,0.172222176,0.154247998,0.154274709,0.16238232,0.241134269,0.246042984,0.243259685,0.33954723,0.338726156,0.397446946,0.435496508,0.474034927,0.503600836,0.474052173,,,
0.161984525,0.155873037,0.154179211,0.153848944,0.338540995,0.242884832,0.245776013,0.243811064,0.33959252,0.338063989,0.418425429,0.454760715,0.433439527,0.503600836,0.500107233,,,
0.185862669,0.15811473,0.16023703,0.154213683,0.335585156,0.196233335,0.245658614,0.24313901,0.339575101,0.33939349,0.437615511,0.435513946,0.411466752,0.473096402,0.499487169,,,
0.170663516,0.155822818,0.15451491,0.154228956,0.16141997,0.194461934,0.24583176,0.244083193,0.339959988,0.391072025,0.42805729,0.438070384,0.440076241,0.503428127,0.497765979,,,
0.166000869,0.154179211,0.193274141,0.15622452,0.337214649,0.194137973,0.245517236,0.244455362,0.33959252,0.390007944,0.398870456,0.435623687,0.444474838,0.497354563,0.501108329,,,
0.489009963,0.153791729,0.161801907,0.168413817,0.193935276,0.242914299,0.249034462,0.243208757,0.33959252,0.391664189,0.394469603,0.419212235,0.396172247,0.5032386,0.500832493,,,
0.268442061,0.158447986,0.170705759,0.193613365,0.17808353,0.241237586,0.245739693,0.244037496,0.302288188,0.356142768,0.398008187,0.459065986,0.393214913,0.503572052,0.507393099,,,
0.233937459,0.154810834,0.227799317,0.154562161,0.177127083,0.342173605,0.245807943,0.243261904,0.33959252,0.391011546,0.403042328,0.397177348,0.418336819,0.472818502,0.499976842,,,
0.299913397,0.154179211,0.228989602,0.154836066,0.180653752,0.24212324,0.246359468,0.243856349,0.307950915,0.391216684,0.428605072,0.420051262,0.418452492,0.509342417,0.473689224,,,
0.32606119,0.182254957,0.224532962,0.1556507,0.181428167,0.241509607,0.245776013,0.243241531,0.33954735,0.346072443,0.391369717,0.435518312,0.415784333,0.503187336,0.513760392,,,
0.224476919,0.169492281,0.153490771,0.154093229,0.179003572,0.240903854,0.245762215,0.243555968,0.338557795,0.391094859,0.388568596,0.43581884,0.450722332,0.511580072,0.501223735,,,
0.166862164,0.174655323,0.227799317,0.153630012,0.177204009,0.177304302,0.24681204,0.243112808,0.339467493,0.381920329,0.427928592,0.43581884,0.443003207,0.503600836,0.515069411,,,
0.15572532,0.168491939,0.229561578,0.154135638,0.177127083,0.165053904,0.245995278,0.243316894,0.307257165,0.391221068,0.365087364,0.452816427,0.394121378,0.481470179,0.499712294,,,
0.155827626,0.157832059,0.228334254,0.154209638,0.181723176,0.298460226,0.246076994,0.24324549,0.30172823,0.362429071,0.339699015,0.426565412,0.394216681,0.502787399,0.473607791,,,
0.161496709,0.182706469,0.227799317,0.161713088,0.180830339,0.308060542,0.245839177,0.245468576,0.308432486,0.391159162,0.391403601,0.431318263,0.448247344,0.513645621,0.501223735,,,
0.223436635,0.155329562,0.227799317,0.154328591,0.178613897,0.194408987,0.246202913,0.243104221,0.306845491,0.33897766,0.391454464,0.430081358,0.418336819,0.503962403,0.473056831,,,
0.159985384,0.15509353,0.154179211,0.154418087,0.177299258,0.242029606,0.247558894,0.243107648,0.314052987,0.338976349,0.391306742,0.430912867,0.439425866,0.503095252,0.509192334,,,
0.195128074,0.253576415,0.227627294,0.153852452,0.196175372,0.242060155,0.245826322,0.243292767,0.306901332,0.33980165,0.391492542,0.431241065,0.438512651,0.502692027,0.52636126,,,
0.154179211,0.155368529,0.154324249,0.172151306,0.177764616,0.241316431,0.344367827,0.243104221,0.309489698,0.338805575,0.391253148,0.42626732,0.420888009,0.504814508,0.499495686,,,
0.154955485,0.157828712,0.154268192,0.154935725,0.180903689,0.242961185,0.319997787,0.243104221,0.307171738,0.33930928,0.339004534,0.472355872,0.394321929,0.502848557,0.546138225,,,
0.155179461,0.156684871,0.154307944,0.154232256,0.181177935,0.308307803,0.24586737,0.243686493,0.343058915,0.350147179,0.346994865,0.431862917,0.39636089,0.503695316,0.500295224,,,
0.154179211,0.153883519,0.154065832,0.157359564,0.179496832,0.301458617,0.245865901,0.243104221,0.309095179,0.339314589,0.392351231,0.316308192,0.423642875,0.503600836,0.509214468,,,
0.155225661,0.155762037,0.154452904,0.154180969,0.178307157,0.300521486,0.24697564,0.243641954,0.307452799,0.340990264,0.391435079,0.430698876,0.394083999,0.472839959,0.528889854,,,
0.154512742,0.154705531,0.154837936,0.164628847,0.17748685,0.242543777,0.245706877,0.257795597,0.305609777,0.339277643,0.391380815,0.430698876,0.439236134,0.503207325,0.543374569,,,
0.154154852,0.154635428,0.235697236,0.15397671,0.191831007,0.178693911,0.245671938,0.247069916,0.308664507,0.339577379,0.391527314,0.431558977,0.418336819,0.472597512,0.499750579,,,
0.159917498,0.154179211,0.154268176,0.155068478,0.193784034,0.253794285,0.245714488,0.245344929,0.307726193,0.339674241,0.391404358,0.4423491,0.394189078,0.503600836,0.472712222,,,
0.154685131,0.154984809,0.17640014,0.245271523,0.236631821,0.249390098,0.245634217,0.243190708,0.30776143,0.339363449,0.39132841,0.435911696,0.394121378,0.506557769,0.435697135,,,
0.164888246,0.154943649,0.157568328,0.171215763,0.165393589,0.268429604,0.247066725,0.244182523,0.307700307,0.339423014,0.391352115,0.431978289,0.426887865,0.503041688,0.472335187,,,
0.1537119,0.156439806,0.162356708,0.153112382,0.167596103,0.165650165,0.245835209,0.244107214,0.243118991,0.339618774,0.418657989,0.441357102,0.391965666,0.503912087,0.513699006,,,
0.164220893,0.154971364,0.220289442,0.191082657,0.167596103,0.165128218,0.246536694,0.24553832,0.339801279,0.36194428,0.391380815,0.435917582,0.393903351,0.473509793,0.536431651,,,
0.156054586,0.154320052,0.220768017,0.31703471,0.162965563,0.165191622,0.250960969,0.215788322,0.33971418,0.341336392,0.415136899,0.431566138,0.419029674,0.471976252,0.513796268,,,
0.157819889,0.154179211,0.174457637,0.154697984,0.286799544,0.165067368,0.245758429,0.245991376,0.244087068,0.339321007,0.339361111,0.431380539,0.418552693,0.436781771,0.473202337,,,
0.165088162,0.154955485,0.216023481,0.154179211,0.286997774,0.165704854,0.245706877,0.243928886,0.339395715,0.340013819,0.395777734,0.431354848,0.41786911,0.39222667,0.481653471,,,
0.156549137,0.156930902,0.154691405,0.154710787,0.286080397,0.164939414,0.247010311,0.24702782,0.243013659,0.338948206,0.391252527,0.431538743,0.394149984,0.481306829,0.516924662,,,
0.154955485,0.154179211,0.157744536,0.154149216,0.164573602,0.166212732,0.247010311,0.340148319,0.244151877,0.339762763,0.391380815,0.434770075,0.394060209,0.472605134,0.506452947,,,
0.154233393,0.155004826,0.161679823,0.154119688,0.162395847,0.166040461,0.245796515,0.235615162,0.339099229,0.339384903,0.390918791,0.431364145,0.430819113,0.481963848,0.473734885,,,
0.156725736,0.15627996,0.155007264,0.155353784,0.170218535,0.164840956,0.245791417,0.252725959,0.33959252,0.339378548,0.40497411,0.43581884,0.418583299,0.511818002,0.515481604,,,
0.164029702,0.154083658,0.202775018,0.158467986,0.286051099,0.19616728,0.246087291,0.244276721,0.350586116,0.339363449,0.391467699,0.431364145,0.394121378,0.472952624,0.428965532,,,
0.233527498,0.154217776,0.273562467,0.196051308,0.285358603,0.210823672,0.246172898,0.24349511,0.340784257,0.338484742,0.390636136,0.422164729,0.426118785,0.504297946,0.500863103,,,
0.154558391,0.154179211,0.15845363,0.154320052,0.308788947,0.167143227,0.245706877,0.244802927,0.245653292,0.340151274,0.392807041,0.434697767,0.405633252,0.484019115,0.536969368,,,
0.155636184,0.154217776,0.191137371,0.155510252,0.320122777,0.165596558,0.245745765,0.243275181,0.308068262,0.339177478,0.397277745,0.430901877,0.394106456,0.472818502,0.505828114,,,
0.155325337,0.154042709,0.154265053,0.172584053,0.307766539,0.166612071,0.24593257,0.246176431,0.339603024,0.339363449,0.391757939,0.43662805,0.39406057,0.483016291,0.51380813,,,
0.15463164,0.154042709,0.154179211,0.155082823,0.342671401,0.165191622,0.245964866,0.253667976,0.245414676,0.339057445,0.391476426,0.444960228,0.393809558,0.472818502,0.512714539,,,
0.156298219,0.154352531,0.154434751,0.167632914,0.193350679,0.200246929,0.245712891,0.244170947,0.244087068,0.33978661,0.429182467,0.430304134,0.394193148,0.472867378,0.473127114,,,
0.156609749,0.154520054,0.154179211,0.154694036,0.264658435,0.201024918,0.245690461,0.252336824,0.24425505,0.339661717,0.38848938,0.439024801,0.418525565,0.473098247,0.5007442,,,
0.154859103,0.223102299,0.156951545,0.155308812,0.266888137,0.164693132,0.245712193,0.244107214,0.244087068,0.33953345,0.391332458,0.416370576,0.394144013,0.50169635,0.502905061,,,
0.155153096,0.217781532,0.154055518,0.157022642,0.265853669,0.165191622,0.245706877,0.253459501,0.244599161,0.365473345,0.391726383,0.397122928,0.443112658,0.502370102,0.506243803,,,
0.154113437,0.154434533,0.154179211,0.167503073,0.194135561,0.167186094,0.246045748,0.244203517,0.244065884,0.356863146,0.391398655,0.441357102,0.394121378,0.482487507,0.513760392,,,
0.155043099,0.287033456,0.154217776,0.170304676,0.267756935,0.165333453,0.24574423,0.244515765,0.244401883,0.391130468,0.391725457,0.420168392,0.442867205,0.503433242,0.514697087,,,
0.154569921,0.171110845,0.155679632,0.186447926,0.335103913,0.196952256,0.242628355,0.24596993,0.244067371,0.378107622,0.407367144,0.432008504,0.439425866,0.503501633,0.472446957,,,
0.155001652,0.159177795,0.154217776,0.154173161,0.288098871,0.304611947,0.245865216,0.243500661,0.338457033,0.391643712,0.339380851,0.444592121,0.410779292,0.473055127,0.499449411,,,
0.155259388,0.17902776,0.154042709,0.190949419,0.286520012,0.196842309,0.247214965,0.245046798,0.339543478,0.391216684,0.411073445,0.431143295,0.442695347,0.418360935,0.515266881,,,
0.199387734,0.156643252,0.155223603,0.154179211,0.166269242,0.237223431,0.245706877,0.300279009,0.308424674,0.346768689,0.411368164,0.440330368,0.443594354,0.472818502,0.500515108,,,
0.154751317,0.15428859,0.154179211,0.154356704,0.33520185,0.320490376,0.245706877,0.30044416,0.313123179,0.393192126,0.391380815,0.431475632,0.458212405,0.503272822,0.473658719,,,
0.155560201,0.15854775,0.154217776,0.154720785,0.288050047,0.237277439,0.245853245,0.300365024,0.339752256,0.34015352,0.395408897,0.430793789,0.417595122,0.478168597,0.499831714,,,
0.155434454,0.168336674,0.154575744,0.153832632,0.25645938,0.23723375,0.248631529,0.243261904,0.243176678,0.391182371,0.339110729,0.43186617,0.439425866,0.472759475,0.501223735,,,
,0.156917091,0.154217776,0.155265691,0.176769653,0.23723375,0.245665322,0.300347148,0.244323597,0.391232099,0.339091199,0.431408644,0.4183054,0.4841591,0.499158871,,,
,0.193191101,0.154083658,0.156529081,0.178679028,0.23723635,0.245767937,0.300284595,0.244562909,0.19446193,0.355006249,0.430571394,0.427964369,0.490357977,0.47315587,,,
,0.306155763,0.154776997,0.167913112,0.176808473,0.238032796,0.245776423,0.300284595,0.33959252,0.339484326,0.417535946,0.429494786,0.394081128,0.503331347,0.504447392,,,
,0.155717734,0.154446772,0.157290806,0.162614409,0.23723375,0.245706265,0.300284595,0.307710877,0.339363449,0.391586603,0.430834903,0.439424479,0.472710733,0.543669336,,,
,0.287544487,0.154179211,0.154179211,0.175062427,0.237799082,0.245892762,0.300237129,0.244239736,0.345596586,0.395393153,0.420660222,0.410723532,0.504024838,0.500258505,,,
,0.155909831,0.15495877,0.154247998,0.195493493,0.238402601,0.248373654,0.246324085,0.245053876,0.338566294,0.378092334,0.426479669,0.394121378,0.439699059,0.419589895,,,
,0.154179211,0.156439051,0.154179211,0.162614409,0.242963281,0.24560029,0.243061823,0.244373961,0.339734898,0.391380815,0.430982023,0.392500942,0.473562752,0.50642071,,,
,0.154948137,0.154715777,0.154434751,0.250360159,0.237395963,0.246482552,0.243151341,0.302102047,0.339397025,0.3919631,0.431724679,0.474097058,0.51311804,0.472038712,,,
,0.162616464,0.153843795,0.154179211,0.193784034,0.23723375,0.245838941,0.244812163,0.246228231,0.33933717,0.391525601,0.453559912,0.443036303,0.472847433,0.500309303,,,
,0.155278992,0.154217776,0.154355193,0.287698978,0.237562056,0.2457639,0.24305573,0.244361067,0.339363449,0.411093258,0.419307381,0.438783666,0.470838415,0.501335468,,,
,0.170204596,0.154179211,0.154265053,0.161689245,0.23723375,0.245747788,0.243570444,0.308201039,0.339363449,0.391209397,0.431566138,0.433433952,0.472771548,0.473202337,,,
,0.162916013,0.153877346,0.154356704,0.33547495,0.237381165,0.245746404,0.243166915,0.243176678,0.340216704,0.339597355,0.431139276,0.433760566,0.472818502,0.501223735,,,
,0.240282475,0.329827067,0.154179211,0.24218604,0.23723375,0.245742695,0.243980593,0.307839519,0.344236768,0.34021169,0.431553501,0.435623936,0.472818502,0.51314445,,,
,0.15763413,0.154220628,0.156784622,0.283541095,0.237799082,0.245706877,0.243366408,0.30248831,0.355399012,0.339741532,0.431902676,0.433418658,0.472773498,0.517689558,,,
,0.154989854,0.153207684,0.158588395,0.23704206,0.23723375,0.246183211,0.243190708,0.244918818,0.339511622,0.428271401,0.431488231,0.433760566,0.473433471,0.468337262,,,
,0.168084997,0.1537453,0.155525373,0.241370017,0.237266299,0.24569797,0.243963418,0.307961154,0.339870192,0.391358934,0.450471371,0.413685941,0.503383281,0.501043007,,,
,0.156159176,0.15401665,0.155480793,0.286768739,0.23723375,0.246415423,0.251590618,0.30917649,0.339573099,0.391777101,0.430889,0.474565644,0.472691709,0.512505715,,,
,0.154691405,0.154179211,0.186419495,0.326107695,0.243695482,0.245698869,0.243144221,0.307845838,0.339248243,0.379973604,0.431403614,0.42376956,0.468456208,0.500201072,,,
,0.174224976,0.153834061,0.154837936,0.198608545,0.244514545,0.245901596,0.259494735,0.307845838,0.376531005,0.391478046,0.431411818,0.442559306,0.441600373,0.47220817,,,
,0.287655882,0.154048662,0.155679116,0.167368697,0.16958228,0.246253905,0.24335486,0.302089531,0.309540842,0.391098767,0.430778029,0.433811969,0.473484341,0.483951412,,,
,0.196486237,0.15421253,0.158338672,0.241178208,0.240895629,0.247132391,0.243583158,0.302648098,0.353246095,0.393351648,0.431613775,0.445668098,0.48240754,0.54590986,,,
,0.164075485,0.160769611,0.154165985,0.164811006,0.242057547,0.245466587,0.243227684,0.307906112,0.339365292,0.392525628,0.471990955,0.440365016,0.471920731,0.543669336,,,
,0.313682367,0.15570755,0.156661496,0.193840095,0.238022176,0.245714755,0.244613806,0.307845838,0.338802869,0.397151675,0.471968815,0.433900144,0.473391695,0.513718706,,,
,0.158276622,0.153774747,0.320651798,0.193784034,0.241920436,0.247136293,0.243090743,0.30762693,0.390264568,0.37807808,0.454051988,0.439033325,0.472758821,0.48361111,,,
,0.162502205,0.154275809,0.154179211,0.298757604,0.241183775,0.245706877,0.246835038,0.307494507,0.339206423,0.410451822,0.431956218,0.456540791,0.503600836,0.505656782,,,
,0.367741483,0.155268777,0.279124614,0.242773387,0.258734523,0.245891274,0.243104221,0.243368102,0.307488702,0.391389168,0.430665728,0.432704953,0.502479474,0.513970952,,,
,0.15673772,0.155868188,0.192121567,0.166277936,0.194629006,0.246625638,0.243104221,0.307972469,0.307514442,0.391383938,0.436332485,0.434823349,0.50795741,0.473127114,,,
,0.165987147,0.157521517,0.189784179,0.19397448,0.194561502,0.228185998,0.243104221,0.244087068,0.339434353,0.429928144,0.429236841,0.436542253,0.502538769,0.483646742,,,
,0.156604135,,0.202790053,0.177227299,0.194289513,0.245902874,0.243139565,0.33959252,0.339548884,0.431073571,0.42713121,0.433433952,0.504546659,0.500477747,,,
,0.168195665,,0.191480379,0.174635866,0.196182065,0.246067502,0.245945019,0.339590096,0.339363449,0.394756479,0.433449346,0.454776219,0.503996756,0.481586732,,,
,0.155036639,,0.17855592,0.161424348,0.242287025,0.248553179,0.243104221,0.33959252,0.339363449,0.42761765,0.419369166,0.418446081,0.502424041,0.500477747,,,
,0.193717159,,0.195328868,0.193732145,0.344752451,0.246832229,0.243104221,0.307845838,0.339034766,0.430276845,0.434480344,0.433423834,0.503794955,0.456045768,,,
,0.155056901,,0.156603973,0.193784034,0.23802514,0.246838872,0.243134329,0.307924983,0.339441253,0.429370907,0.453135213,0.434580851,0.503936425,0.501633405,,,
,0.155490156,,0.158479868,0.193762769,0.212152377,0.247153957,0.243261952,0.339237916,0.311269179,0.424202043,0.419975769,0.439249032,0.48279673,0.472997265,,,
,0.163771244,,0.15520522,0.193655918,0.19438222,0.245783692,0.243104221,0.339635676,0.339363449,0.430561686,0.417002883,0.43937107,0.502825228,0.508071439,,,
,0.165915721,,0.190449491,0.310933896,0.194498245,0.306352178,0.243396402,0.339631672,0.339342822,0.402030146,0.424552849,0.439188553,0.503012227,0.499221329,,,
,0.232493125,,0.155526629,0.176896682,0.178163277,0.247897541,0.243081604,0.339691011,0.339401443,0.428792842,0.432964571,0.433760566,0.472369633,0.503404798,,,
,0.175807429,,0.153837122,0.331496058,0.194507908,0.246294069,0.244415843,0.307358189,0.339296163,0.339597355,0.394942678,0.433765947,0.503364398,0.507311494,,,
,0.154926638,,0.154272668,0.241370017,0.169026695,0.198342274,0.243033366,0.361962669,0.339557161,0.339597355,0.4112757,0.434328288,0.505689346,0.50973703,,,
,0.34603831,,0.156427296,0.31333187,0.174225061,0.245807943,0.243104221,0.33676816,0.339296779,0.339808808,0.453040662,0.435675594,0.483583206,0.513707339,,,
,0.190192881,,0.154817556,0.331717391,0.194543193,0.245706877,0.243188103,0.307876552,0.30901152,0.339882806,0.416952908,0.474404413,0.451690153,0.500412382,,,
,0.195128074,,0.152214352,0.166898418,0.194502366,0.24681204,0.243104221,0.307837593,0.3404124,0.391690842,0.403480819,0.438939099,0.47304716,0.472867898,,,
,0.15442834,,0.175115729,0.161677555,0.17014966,0.198454101,0.243104221,0.308065318,0.302065486,0.339597355,0.428796818,0.459193099,0.503622156,0.500263072,,,
,0.156482108,,0.156620278,0.165758315,0.236598851,0.200365605,0.245479154,0.339059229,0.340433839,0.387749167,0.444230379,0.439425866,0.472609922,0.456045768,,,
,0.223291342,,0.15570755,0.164800246,0.194408987,0.200365605,0.244225987,0.340377223,0.307432196,0.339966551,0.3949853,0.437837524,0.47252885,0.473307091,,,
,0.156549137,,0.155125706,0.162657526,0.194408987,0.200335035,0.243246297,0.33959252,0.339419723,0.339596846,0.416916571,0.433992849,0.472818502,0.514405144,,,
,0.154083658,,0.154457775,0.167257792,0.194325759,0.198436866,0.243261737,0.340392129,0.339363449,0.3402489,0.417099581,0.443911704,0.391521539,0.513652632,,,
,0.155743922,,0.155822818,0.162365216,0.25104988,0.245612467,0.24948593,0.33959252,0.339306556,0.391386005,0.419328036,0.435787786,0.472895772,0.513760392,,,
,0.155560893,,0.156183363,0.167048747,0.308468699,0.199450691,0.243440259,0.345981143,0.33890275,0.339596846,0.3949853,0.434855787,0.500808855,0.473449054,,,
,0.327778701,,0.156148741,0.162105112,0.194538753,0.199578421,0.238780089,0.309048807,0.307496617,0.339570124,0.43166656,0.433433106,0.443321501,0.51375264,,,
,0.154492995,,0.15629024,0.162507401,0.24237991,0.24702108,0.239605403,0.303594626,0.3404124,0.391390069,0.438731124,0.434077872,0.468573421,0.500597062,,,
,0.154441038,,0.156638572,0.163188149,0.195129315,0.246990565,0.238793787,0.33934682,0.341558362,0.340173424,0.416818925,0.473530208,0.478099366,0.47401527,,,
,0.155369159,,0.156613788,0.165304876,0.194408987,0.261566784,0.238937751,0.308506693,0.339468757,0.391390427,0.435690889,0.445114824,0.454929421,0.481459096,,,
,0.155071113,,0.154375052,0.164591533,0.295624993,0.246832471,0.239049646,0.303391721,0.340520886,0.426126956,0.395001981,0.43320289,0.436856084,0.473053257,,,
,0.156310858,,0.155368439,0.166177945,0.285061645,0.198392655,0.239356471,0.339538837,0.339524059,0.391380815,0.418685293,0.433173295,0.472535413,0.500353705,,,
,0.155223603,,0.173739897,0.164536241,0.242403743,0.198454101,0.238793787,0.308800413,0.339362563,0.391772194,0.393010146,0.435013663,0.503455218,0.500587938,,,
,0.154920715,,0.168196179,0.167783303,0.237868404,0.198454101,0.238793787,0.308889497,0.339363449,0.417287485,0.3949853,0.473599825,0.472818502,0.501038456,,,
,0.153904045,,0.160743507,0.177824366,0.194408987,0.200455395,0.239024973,0.302782187,0.339407878,0.420631442,0.411041582,0.434017206,0.472369633,0.521575865,,,
,0.161906789,,0.1542335,0.300350626,0.237258097,0.198454101,0.238854564,0.33959252,0.340640935,0.391346713,0.436322674,0.432130569,0.47374531,0.513760392,,,
,0.154796624,,0.155845861,0.196253258,0.239167931,0.198454101,0.238854564,0.243062026,0.339363449,0.402898227,0.394952752,0.425981984,0.468588905,0.471525752,,,
,0.159713455,,0.156081363,0.197563445,0.241278357,0.249490842,0.239191095,0.243369893,0.339448975,0.392162718,0.424529808,0.473910297,0.437070389,0.512981757,,,
,0.1537453,,0.154854112,0.176851592,0.237799082,0.200095417,0.238854564,0.246158357,0.339463001,0.391436009,0.393689868,0.439443393,0.469310187,0.504370683,,,
,0.157459645,,0.163308357,0.304306037,0.241229048,0.198474971,0.238806057,0.242923316,0.364848718,0.391371809,0.416845265,0.435319638,0.468668049,0.471810641,,,
,0.154331144,,0.15424317,0.167582652,0.242172223,0.198560063,0.238965068,0.242971102,0.388568197,0.391227248,0.42809121,0.433398333,0.467883108,0.436820189,,,
,0.154033473,,0.153866127,0.162461443,0.241788901,0.198454101,0.243983662,0.245757235,0.339601413,0.391400171,0.41139922,0.479220029,0.472064637,0.514745939,,,
,0.154154852,,0.193274141,0.162351741,0.241052169,0.19829428,0.23912345,0.242923316,0.339471411,0.391144336,0.442407638,0.473530208,0.414109081,0.472583172,,,
,0.154179211,,0.168542616,0.203593488,0.240763743,0.198454101,0.238678457,0.242982839,0.340990264,0.390099557,0.417386227,0.445139339,0.437142736,0.500075903,,,
,0.154715777,,0.154161605,0.193605965,0.241248256,0.247387105,0.241293725,0.242947198,0.354400112,0.403401011,0.438859181,0.434122011,0.503600836,0.513728083,,,
,0.15448784,,0.153838464,0.366864864,0.24121982,0.246935336,0.238871162,0.242923316,0.338620758,0.391357525,0.394712898,0.432782616,0.472879108,0.500754079,,,
,0.154492995,,0.16099887,0.165486961,0.23723375,0.246791803,0.239920826,0.24404247,0.346583895,0.389946278,0.43503845,0.459657308,0.482487507,0.483901037,,,
,0.155983422,,0.154179211,0.193959824,0.241231348,0.198268133,0.239511528,0.242848552,0.345919864,0.391158403,0.432884786,0.433739159,0.503600836,0.481509487,,,
,0.165673524,,0.154786448,0.193784034,0.241183775,0.249170377,0.238854564,0.243469105,0.340647815,0.389372586,0.394721731,0.433171359,0.472881238,0.473668682,,,
,0.15339891,,0.154434751,0.192218478,0.236885727,0.247013491,0.238854564,0.243549569,0.349980986,0.391301935,0.445580221,0.444875571,0.435059839,0.471576209,,,
,0.155196818,,0.154289784,0.160198492,0.167729005,0.245988801,0.238854564,0.243545239,0.339300483,0.391196077,0.395007311,0.459834912,0.472818502,0.472608965,,,
,0.154345581,,0.15413317,0.17787778,0.243274441,0.243518872,0.241264527,0.242976139,0.339823594,0.391312309,0.416498088,0.438922835,0.472656934,0.536748299,,,
,0.157048296,,0.154161605,0.173786279,0.286991389,0.243642795,0.247715291,0.243576712,0.3395748,0.391300001,0.394020728,0.474555294,0.501973609,0.484070196,,,
,0.156613104,,0.154179211,0.170607865,0.243413176,0.245627513,0.243261904,0.242923316,0.339452545,0.39124123,0.43581884,0.43364114,0.476259638,0.472625181,,,
,0.154179211,,0.155839489,0.166626006,0.241703559,0.247881212,0.243261904,0.242923316,0.339376788,0.391380815,0.43581884,0.462154146,0.50692749,0.472799737,,,
,0.155716091,,0.265618255,0.197306168,0.241079397,0.247509392,0.296854177,0.244864086,0.391228953,0.391024845,0.451443894,0.418311317,0.472442333,0.483951412,,,
,0.153374801,,0.154343172,0.193859743,0.284874365,0.246248721,0.291024373,0.249467865,0.393849505,0.391380815,0.435892789,0.435337094,0.472442333,0.500540934,,,
,0.154179211,,0.172203643,0.193598328,0.241046875,0.246913013,0.296002355,0.243749124,0.382055723,0.330951092,0.416978441,0.444766055,0.501870448,0.500875522,,,
,0.159239761,,0.154033473,0.193753388,0.241902753,0.246481019,0.303294069,0.243331141,0.391299845,0.355518257,0.436753141,0.462209846,0.481989176,0.503222664,,,
,0.154874091,,0.154218503,0.166094536,0.240895629,0.245726387,0.30371394,0.339720789,0.389903214,0.391236681,0.418408112,0.438820042,0.477638607,0.438147121,,,
,0.154433858,,0.156638572,0.171733779,0.237689088,0.246640862,0.296786352,0.246505327,0.339871826,0.395952731,0.431537382,0.417882217,0.472913972,0.500178239,,,
,0.154194135,,0.15591685,0.1804058,0.242170104,0.245706877,0.297496655,0.340301285,0.338585438,0.374588206,0.3949853,0.394023548,0.472708736,0.471953207,,,
,0.154179211,,0.173439326,0.194503916,0.237096517,0.251624983,0.296804422,0.246505327,0.362186023,0.391611994,0.394199162,0.423608465,0.479731641,0.477895568,,,
,0.154332915,,0.172153137,0.225831251,0.236903549,0.2470211,0.248696779,0.243226819,0.344700846,0.339703069,0.431136937,0.394109153,0.472411686,0.481276087,,,
,0.154595485,,0.153874342,0.225755348,0.237399284,0.248367092,0.289681111,0.243580879,0.338360403,0.397337898,0.434618828,0.449461912,,0.473558457,,,
,0.160990956,,0.153292081,0.19336667,0.23701146,0.246936601,0.2418622,0.243469105,0.338063989,0.393286833,0.3949853,0.433285196,,0.500693129,,,
,0.154932595,,0.154321621,0.176235486,0.237480783,0.2469313,0.245687719,0.244312951,0.352242966,0.391358278,0.3949853,0.439425866,,0.513603579,,,
,0.156093302,,0.232134955,0.19331108,0.237072843,0.246878195,0.244483956,0.242880562,0.338473495,0.391512001,0.427251732,0.394159033,,0.472457173,,,
,0.155294411,,0.154179211,0.176235486,0.23701146,0.246898927,0.260296853,0.252073819,0.338273563,0.397449638,0.394969227,0.439425866,,0.41633365,,,
,0.154643277,,0.154382161,0.19336667,0.23712272,0.24681204,0.248798705,0.242923316,0.336513926,0.393484981,0.39542304,0.394192234,,0.458619367,,,
,0.15419682,,0.156193547,0.166894472,0.237776756,0.246814354,0.248542563,0.339587374,0.337954179,0.383382314,0.397210635,0.439425866,,0.481824385,,,
,0.155728604,,0.154356704,0.166970256,0.237260039,0.243445264,0.305066773,0.339023985,0.338063989,0.431712956,0.397210635,0.394740748,,0.507538965,,,
,0.155429615,,0.155822818,0.165566546,0.237090844,0.242707444,0.304184833,0.302190937,0.338212348,0.396985546,0.436140763,0.426947553,,0.473538613,,,
,0.160772045,,0.171071043,0.162511722,0.237070944,0.243665672,0.241965914,0.339681694,0.339662779,0.393371315,0.393893862,0.442048653,,0.473728156,,,
,0.154294543,,0.154220912,0.206158656,0.240276691,0.246280452,0.242010601,0.339616319,0.340944915,0.424493682,0.43304135,0.434935839,,0.500520721,,,
,0.156646547,,0.155348404,0.16409747,0.237898685,0.244092852,0.266467909,0.33959252,0.339516004,0.424535138,0.411254202,0.401608954,,0.500367515,,,
,0.154805361,,0.154272084,0.176812992,0.237069606,0.300840735,0.335643817,0.338362575,0.339673002,0.370094927,0.394759503,0.393964248,,0.471706011,,,
,0.157521514,,0.245781935,0.161751369,0.237106491,0.245936601,0.242010601,0.339682066,0.339618287,0.424623904,0.395365942,0.401586961,,0.51456215,,,
,0.156638572,,0.153898353,0.340883839,0.23701146,0.220810174,0.24259743,0.339485566,0.345919864,0.431538543,0.425971892,0.394097386,,0.50084186,,,
,0.15487191,,0.155456621,0.162318764,0.237799082,0.246839434,0.308411448,0.339527175,0.346519291,0.393129528,0.435693464,0.44339811,,0.506319938,,,
,0.15410248,,0.154636483,0.162351741,0.241183775,0.220830606,0.24411263,0.245789148,0.339514565,0.391647379,0.441752467,0.418414936,,,,,
,0.154220628,,0.19103144,0.339904533,0.241544095,0.263493831,0.243387373,0.249940704,0.339719946,0.424535138,0.394936957,0.394121378,,,,,
,0.157600713,,0.154179211,0.193678572,0.243807249,0.217358925,0.243280482,0.242923316,0.339667906,0.424986855,0.395175604,0.394224675,,,,,
,0.153555734,,0.153374801,0.187574826,0.256959639,0.243506173,0.248556253,0.3396757,0.339195635,0.393369295,0.396749877,0.443980721,,,,,
,0.154179211,,0.156751249,0.163309441,0.237591342,0.246589189,0.241607853,0.339098993,0.339045391,0.415163249,0.402557525,0.404171976,,,,,
,0.154177112,,0.154492995,0.165152066,0.194230067,0.243029418,0.25138244,0.340509544,0.339344359,0.391380815,0.395111027,0.394174378,,,,,
,0.157548797,,0.171004989,,0.287202633,0.242894236,0.245752932,0.33958903,0.339320476,0.39455508,0.394885185,0.439426367,,,,,
,0.155223603,,0.191676304,,0.241126576,0.246637383,0.24129525,0.340234197,0.381958799,0.395864178,0.437978016,,,,,,
,0.15845363,,0.189412565,,0.239367561,0.198450373,0.244193398,0.339564561,0.339336198,0.39461079,0.417002883,,,,,,
,0.154063248,,0.190433241,,0.23959724,0.198500404,0.24330821,0.340285381,0.339314206,0.393317099,0.413592636,,,,,,
,0.1900325,,0.190342202,,0.296883473,0.198650998,0.243371529,0.351759282,0.390190833,0.391443113,0.416838568,,,,,,
,0.155733637,,0.161906789,,0.296475308,0.198182829,0.24476563,0.339642454,0.340108363,0.393396799,0.3949853,,,,,,
,0.154179211,,0.154003141,,0.237768718,0.198380651,0.243261904,0.306712392,0.377896637,0.391266433,0.395053958,,,,,,
,0.156239527,,0.322953521,,0.19442841,0.198538408,0.244160625,0.340376124,0.339336198,0.397010227,0.395044643,,,,,,
,0.156792341,,0.152840467,,0.36448026,0.246752725,0.243433516,0.308054879,0.391094859,0.392912657,0.415687118,,,,,,
,0.156025666,,0.155619638,,0.237017563,0.24681204,0.244196977,0.339766142,0.339363449,0.414792844,0.394859062,,,,,,
,0.154715777,,0.158558574,,0.19442534,0.24681204,0.251766966,0.307798863,0.345852997,0.393429514,0.401702406,,,,,,
,0.155223603,,0.155881942,,0.245962882,0.247034465,0.244142782,0.334916279,0.338868001,0.393393199,0.3949853,,,,,,
,0.169379525,,0.242025904,,0.165053904,0.246680264,0.24329123,0.288597245,0.33940417,0.39616612,0.440059181,,,,,,
,0.165054262,,0.154179211,,0.237516253,0.246766121,0.244258346,0.327738821,0.339318382,0.391409582,0.394737823,,,,,,
,0.178353589,,0.347725552,,0.194354804,0.248863716,0.243301992,0.327791144,0.339336198,0.427979676,0.418077486,,,,,,
,0.153963073,,0.154179211,,0.237243092,0.246760292,0.244169622,0.343042378,0.391133469,0.429825244,0.41703563,,,,,,
,0.154330041,,0.158341708,,0.298224726,0.247339208,0.244107214,0.308577512,0.33971537,0.428684015,0.413795824,,,,,,
,0.154028484,,0.154715777,,0.16621898,0.24681204,0.239538096,0.339779225,0.339677563,0.396703959,0.431273968,,,,,,
,0.154651508,,0.154179211,,0.194463004,0.245807943,0.258920727,0.327738821,0.339551069,0.391047178,0.431273968,,,,,,
,0.154179211,,0.154395172,,0.197642557,0.24663945,0.243513904,0.336585819,0.339662919,0.381981467,0.429162274,,,,,,
,0.154330041,,0.154374559,,0.19281672,0.246873852,0.243123775,0.254987245,0.339336198,0.378015823,0.433882725,,,,,,
,0.154179211,,0.15459141,,0.237277439,0.247543462,0.243939521,0.33959252,0.339336198,0.334706147,0.427640384,,,,,,
,0.156017861,,0.171607001,,0.237570544,0.198410562,0.243284259,0.195449813,0.339345455,0.3394768,0.395027616,,,,,,
,0.165365755,,0.154179211,,0.237496112,0.246796927,0.246091186,0.334657585,0.373432647,0.391180092,0.3949853,,,,,,
,,,0.154231306,,0.237564159,0.24681204,0.299254524,0.281346898,0.339504723,0.391380815,0.426331358,,,,,,
,,,,,0.23723375,0.248364258,0.306899702,0.286918428,0.339280548,0.395750695,0.435399113,,,,,,
,,,,,0.23723375,0.24681204,0.244000153,0.334377905,0.339477143,0.389056455,0.397122928,,,,,,
,,,,,0.23701146,0.249765039,0.244699862,0.336813208,0.339390061,0.391461636,0.39713526,,,,,,
,,,,,0.23850065,0.246760354,0.244107214,0.33989209,0.339588347,0.391461808,0.416923246,,,,,,
,,,,,0.180584412,0.198616655,0.243220616,0.354122531,0.339336198,0.391773963,0.394980742,,,,,,
,,,,,0.195000828,0.24681204,0.243647479,0.339550066,0.339314324,0.391380815,0.398589836,,,,,,
,,,,,0.203080765,0.246934558,0.2441294,0.354775037,0.339336198,0.393350015,0.3949853,,,,,,
,,,,,0.254898764,0.198386599,0.243324787,0.31556537,0.339336198,0.391314671,0.434886873,,,,,,
,,,,,0.178614581,0.198412536,0.243120638,0.31709853,0.33894075,0.39280143,0.395119603,,,,,,
,,,,,0.193972897,0.246901876,0.240037063,0.342427216,0.342428266,0.415216427,0.394939005,,,,,,
,,,,,0.335482212,0.248236553,0.246596176,0.338138116,0.341375185,0.393134398,0.394955226,,,,,,
,,,,,0.312450404,0.246796477,0.306210312,0.339794489,0.339254386,0.391339647,0.395061217,,,,,,
,,,,,0.236726856,0.24681204,0.223793095,0.338787809,0.339387598,0.356878256,0.416871943,,,,,,
,,,,,0.23723375,0.245455836,0.302865573,0.339615761,0.338836261,0.391380815,0.394939005,,,,,,
,,,,,0.236726856,0.246828793,0.243282826,0.34170752,0.339374113,0.39138158,0.394939005,,,,,,
,,,,,0.23723375,0.247009141,0.244014312,0.33959252,0.339363449,0.391648523,0.394959769,,,,,,
,,,,,0.244900922,0.24681204,0.238963277,0.339781196,0.33926629,0.43712923,0.393706002,,,,,,
,,,,,0.241983417,0.248351943,0.239083316,0.247498901,0.339352335,0.420153633,0.394939005,,,,,,
,,,,,0.242135878,0.250242381,0.252195836,0.3395064,0.339376515,0.417428222,0.428911999,,,,,,
,,,,,0.296171619,0.248687052,0.322067785,0.339635676,,0.419859378,0.411248714,,,,,,
,,,,,0.241007623,0.246748454,0.245702523,0.339678252,,0.420413986,0.394939005,,,,,,
,,,,,0.240928743,0.24684184,0.238934988,0.339599161,,0.417798151,0.3949853,,,,,,
,,,,,0.240788604,0.247159735,0.30093519,0.302298035,,0.420548266,0.395091887,,,,,,
,,,,,0.241043627,0.246805501,0.239411068,0.33959252,,0.420153633,0.394887572,,,,,,
,,,,,0.240704691,0.24677333,0.238938161,0.243323145,,0.434386583,0.417126957,,,,,,
,,,,,0.240895629,0.246777138,0.239476294,0.226972984,,0.420921838,0.435836378,,,,,,
,,,,,0.241103433,0.246990008,0.306249153,0.243098716,,0.423515107,0.416949613,,,,,,
,,,,,0.242540733,0.246813005,0.256836605,0.244076347,,0.346624729,0.438870608,,,,,,
,,,,,0.194742474,0.247571936,0.240368489,0.243883355,,0.391427564,0.394935911,,,,,,
,,,,,0.241090185,0.246836205,0.239282262,0.244562909,,0.378953904,0.424471196,,,,,,
,,,,,0.241153302,0.245956557,0.301101444,0.339583029,,0.390203567,0.394984779,,,,,,
,,,,,0.241589177,0.246769473,0.300997443,0.339556854,,0.391380815,0.394924363,,,,,,
,,,,,0.242528857,0.246627368,0.240313779,0.33959252,,0.391448801,0.395067605,,,,,,
,,,,,0.240904737,0.24695336,0.239476294,0.339926149,,0.391428591,0.3949853,,,,,,
,,,,,0.240874665,0.245343735,0.242159515,0.339463461,,0.391380815,0.394889643,,,,,,
,,,,,0.288097916,0.246995515,0.256742779,0.339752256,,0.390192317,0.395009973,,,,,,
,,,,,0.286903285,0.24313672,0.239992136,0.30823073,,0.39041467,0.431102645,,,,,,
,,,,,0.240866493,0.242562086,0.240070243,0.317518297,,0.391358276,0.394921521,,,,,,
,,,,,0.241246832,0.24282086,0.239491117,0.306820707,,0.391232765,0.394965587,,,,,,
,,,,,0.241372594,0.242777037,0.239650534,0.244285351,,0.391257386,0.401530385,,,,,,
,,,,,0.286925777,0.242302803,0.25751429,0.353131606,,0.391363979,0.427918518,,,,,,
,,,,,0.240895629,0.242576738,0.245452484,0.340056146,,0.391380815,0.417183486,,,,,,
,,,,,0.24143054,0.243518872,0.243801078,0.33990183,,0.391241285,0.397614236,,,,,,
,,,,,0.241241969,0.245458191,0.243805466,0.308097017,,0.339380851,0.395028216,,,,,,
,,,,,0.242254051,0.256145716,0.244880358,0.308052697,,0.392645706,0.3949853,,,,,,
,,,,,0.225500094,0.246761451,0.248342836,0.315696567,,0.391380815,0.394984822,,,,,,
,,,,,0.237085958,0.247245339,0.248217067,0.338553295,,0.391417128,0.394179766,,,,,,
,,,,,0.237198464,0.248052923,0.239522865,0.341138845,,0.391603144,0.3949853,,,,,,
,,,,,0.242959195,0.247375447,0.247219232,0.317429641,,0.391058129,0.43581884,,,,,,
,,,,,0.194936727,0.247148721,0.239476294,0.312685576,,0.391288432,0.394894311,,,,,,
,,,,,0.28502026,0.242867003,0.290929039,0.309716364,,0.394743678,0.388978453,,,,,,
,,,,,0.194237164,0.243715405,0.291046692,0.304230123,,0.40199422,0.186233016,,,,,,
,,,,,0.285956815,0.243071805,0.240519228,0.338918573,,0.390675639,0.395145777,,,,,,
,,,,,0.241183775,0.247355522,0.239459978,0.313945849,,0.391380815,0.39500898,,,,,,
,,,,,0.286212354,0.198342274,0.239476294,0.307783989,,0.391419053,0.397122928,,,,,,
,,,,,0.240830774,0.198669901,0.240179226,0.309349438,,0.391380815,0.398724063,,,,,,
,,,,,0.243793364,0.24670177,0.24005542,0.308097017,,0.391380815,0.398664946,,,,,,
,,,,,0.241209394,0.245934188,0.301028318,0.309890798,,0.391340365,0.397715514,,,,,,
,,,,,0.241192121,0.24681204,0.322067785,0.313198373,,0.391380815,0.394996012,,,,,,
,,,,,0.286146055,0.198613296,0.284388262,0.307789315,,0.391279026,0.431445295,,,,,,
,,,,,0.240895629,0.198287269,0.22433747,0.31600533,,0.355190843,0.440334295,,,,,,
,,,,,0.287199756,0.200358071,0.244151805,0.33959252,,0.397932232,0.452739572,,,,,,
,,,,,0.329922953,0.198659883,0.240902297,0.308446396,,0.391167269,0.436784754,,,,,,
,,,,,0.338696453,0.245921672,0.239493152,0.340138966,,0.391397048,0.397672536,,,,,,
,,,,,0.16821744,0.20036362,0.243396334,0.33959252,,0.391390793,0.395744006,,,,,,
,,,,,0.164910247,0.216799641,0.241654217,0.306375121,,0.415136899,0.415567564,,,,,,
,,,,,0.325656693,0.198383049,0.244228849,0.307423098,,0.391380815,0.413639216,,,,,,
,,,,,0.20627399,0.200349741,0.239621975,0.308138649,,0.391172085,0.432393261,,,,,,
,,,,,0.283368027,0.198976364,0.256699604,0.308585843,,0.391380815,0.440691491,,,,,,
,,,,,0.163307114,0.200142705,0.303410009,0.307698619,,0.391367621,0.434953055,,,,,,
,,,,,0.294572676,0.246780587,0.239769205,0.3396183,,0.392392583,0.428647719,,,,,,
,,,,,0.240895629,0.248271524,0.239948062,0.339585741,,0.3394768,0.394870384,,,,,,
,,,,,0.241243914,0.307945234,0.244313084,0.3084275,,0.341530535,0.3949853,,,,,,
,,,,,0.290919201,0.1979856,0.239275837,0.309452861,,0.367967346,0.395213428,,,,,,
,,,,,0.331345552,0.199152396,0.245612424,0.33959252,,0.398870456,0.3949853,,,,,,
,,,,,0.242845479,0.245769757,0.239108379,0.307758978,,0.391380815,0.417002883,,,,,,
,,,,,0.241182851,0.203653061,0.239641009,0.307923297,,0.393296593,0.438408586,,,,,,
,,,,,0.200452662,0.246901112,0.245729028,0.308152628,,0.39258463,0.438493906,,,,,,
,,,,,0.242824999,0.198342274,0.238841556,0.307924257,,0.420631442,0.395265476,,,,,,
,,,,,0.241183775,0.246849439,0.238933454,0.307762304,,0.39619583,0.395113117,,,,,,
,,,,,0.240895629,0.307854726,0.238947181,0.307988013,,0.395543633,0.3949853,,,,,,
,,,,,0.241183775,0.197630089,0.25689458,0.308352454,,0.420153633,0.394970627,,,,,,
,,,,,0.241198555,0.246783043,0.240326809,0.308968772,,0.39620039,0.395567996,,,,,,
,,,,,0.287199756,0.245747007,0.238978605,0.339756094,,0.394303571,0.396251651,,,,,,
,,,,,0.287710183,0.246240716,0.23969689,0.307876151,,0.415003675,0.3949853,,,,,,
,,,,,0.28596564,0.307945234,0.23949829,0.307855274,,0.420913941,0.394967487,,,,,,
,,,,,0.326702472,0.246861226,0.239437503,0.244283461,,0.400057515,0.394872824,,,,,,
,,,,,0.203485846,0.245764034,0.239870755,0.242923316,,0.390112253,0.394935001,,,,,,
,,,,,0.286231526,0.245842259,0.297460777,0.33979182,,0.40708381,0.39532155,,,,,,
,,,,,0.297905488,0.198244874,0.240915043,0.364455374,,0.413560709,0.395044309,,,,,,
,,,,,0.201537542,0.198454101,0.238953621,0.342199295,,0.418428368,0.394984822,,,,,,
,,,,,0.240931044,0.248938268,0.237202623,0.33959252,,0.401001545,0.3949853,,,,,,
,,,,,0.194341202,0.245864756,0.248183839,0.336831903,,0.416168833,0.395089991,,,,,,
,,,,,0.183948859,0.245807943,0.239523528,0.341329971,,0.42636154,0.430276378,,,,,,
,,,,,0.164046444,0.249133968,0.243124762,0.352452548,,0.417331067,0.395148349,,,,,,
,,,,,0.176951581,0.194369543,0.240173519,0.339885069,,0.391372254,0.394924363,,,,,,
,,,,,0.167480573,0.242707444,0.252582833,0.339686958,,0.340378888,0.429954175,,,,,,
,,,,,0.287398654,0.242935952,0.24885892,0.341659261,,0.391424183,0.431488231,,,,,,
,,,,,0.312413837,0.242707444,0.238949071,0.339691108,,0.391548861,0.409795566,,,,,,
,,,,,0.165191622,0.245807943,0.256590293,0.340887833,,0.391432108,0.420168392,,,,,,
,,,,,0.1943169,0.242707444,0.240421859,0.338909739,,0.391341763,0.430122604,,,,,,
,,,,,0.226644966,0.242628355,0.245785665,0.340251455,,0.391613072,0.431536622,,,,,,
,,,,,0.1943169,0.246249609,0.309529681,0.339847063,,0.341546959,0.431364145,,,,,,
,,,,,0.194363068,0.242772347,0.300318613,0.339583196,,0.365087364,0.431350716,,,,,,
,,,,,0.192786372,0.242892623,0.245277388,0.338328402,,0.391385883,0.419424404,,,,,,
,,,,,0.194348759,0.242774791,0.185393297,0.309119559,,0.391380815,0.420091129,,,,,,
,,,,,0.197291389,0.24274555,0.265932223,0.309751885,,0.391381414,0.43581884,,,,,,
,,,,,0.194348759,0.242939057,0.250485218,0.302112851,,0.391380815,0.431406705,,,,,,
,,,,,0.194971178,0.245706877,0.270369242,0.302112851,,0.391301559,0.43553942,,,,,,
,,,,,0.238644392,0.243085036,0.176614134,0.33959252,,0.339536365,0.426751328,,,,,,
,,,,,0.284776477,0.322079687,0.176088637,0.338071604,,0.391364177,0.420091129,,,,,,
,,,,,0.334243472,0.242833983,0.176242944,0.302335582,,0.391345308,0.423007015,,,,,,
,,,,,0.333893087,0.242774791,0.178875545,0.338138116,,0.391380815,0.424626465,,,,,,
,,,,,0.23760801,0.200478909,0.176807794,0.308067164,,0.399007118,0.43581884,,,,,,
,,,,,0.286361989,0.246281859,0.176187128,0.299507681,,0.391375843,0.438021928,,,,,,
,,,,,0.287470659,0.198989341,0.178489053,0.315785655,,0.391308162,0.438744704,,,,,,
,,,,,0.165113192,0.198077269,0.17662776,0.338402251,,0.378074571,0.43372762,,,,,,
,,,,,0.237835905,0.198834456,0.175275663,0.309515382,,0.401933422,0.453226368,,,,,,
,,,,,0.1643972,0.198381965,0.202442716,0.310078772,,0.401796116,0.421324637,,,,,,
,,,,,0.204845535,0.246101475,0.213476805,0.309767359,,0.43111872,0.431446614,,,,,,
,,,,,0.194408987,0.24553073,0.178765768,0.254943855,,0.402432891,0.438857588,,,,,,
,,,,,,0.242783603,0.17631484,0.339731527,,0.39135262,0.43211311,,,,,,
,,,,,,0.242777037,0.177550698,0.340714073,,0.391308162,0.427988323,,,,,,
,,,,,,0.242774791,0.176242944,0.33959252,,0.418274461,0.431532666,,,,,,
,,,,,,0.246752725,0.208522595,0.340354805,,0.391280859,0.410839194,,,,,,
,,,,,,0.247751982,0.210832073,0.33979717,,0.426118288,0.440223226,,,,,,
,,,,,,0.245807943,0.176352315,0.341713648,,0.401816116,0.451709361,,,,,,
,,,,,,0.242774791,0.176242944,0.339727831,,0.436999677,0.431488231,,,,,,
,,,,,,0.242774791,0.177918426,0.339774123,,0.391034665,0.431652916,,,,,,
,,,,,,0.243612376,0.176290068,0.339639626,,0.339764768,0.431284684,,,,,,
,,,,,,0.244738238,0.197967884,0.33959252,,0.33953628,0.431366537,,,,,,
,,,,,,0.244092852,0.302526309,0.339950632,,0.339683121,0.43151182,,,,,,
,,,,,,0.24370141,0.199404193,0.33962561,,0.343023659,0.43085598,,,,,,
,,,,,,0.242774791,0.249547131,0.336831903,,0.339380851,0.431627505,,,,,,
,,,,,,0.242670056,0.238960691,0.309643966,,0.391866259,0.420320515,,,,,,
,,,,,,0.243502391,0.265417366,0.339747206,,0.339380851,0.423638595,,,,,,
,,,,,,0.244174997,0.244313084,0.339787131,,0.391348792,0.431488231,,,,,,
,,,,,,0.242819176,0.239987406,0.339580798,,0.391251858,0.435586482,,,,,,
,,,,,,0.25244335,0.24069487,0.338328402,,0.398870456,0.395130231,,,,,,
,,,,,,0.249014389,0.239581659,0.310392659,,0.408499387,0.397467662,,,,,,
,,,,,,0.242774791,0.239841801,0.339601401,,0.391321861,0.344123532,,,,,,
,,,,,,0.242774791,0.239695105,0.339565186,,0.398880728,0.396007668,,,,,,
,,,,,,0.242774791,0.240218451,0.3373555,,0.391779895,0.39465118,,,,,,
,,,,,,0.298457467,0.250824071,0.336835893,,0.394427174,0.43854679,,,,,,
,,,,,,0.248581001,0.239755575,0.336831903,,0.365267825,0.434219973,,,,,,
,,,,,,0.318642636,0.245039434,0.338235203,,0.399178124,0.419577962,,,,,,
,,,,,,0.307658973,0.244224193,0.336989275,,0.339341348,0.408074686,,,,,,
,,,,,,0.248015692,0.242719243,0.33959252,,0.391355615,0.394870911,,,,,,
,,,,,,0.201019673,0.238949071,0.340199168,,0.391428757,0.408064318,,,,,,
,,,,,,0.265043409,0.239476294,0.339698053,,0.340130237,0.395058899,,,,,,
,,,,,,0.2646153,0.238955435,0.339696586,,0.391428209,0.396068143,,,,,,
,,,,,,0.272564991,0.239607591,0.339573432,,0.366040596,0.400639679,,,,,,
,,,,,,0.193266354,0.240330146,0.339243526,,0.340620908,0.397122928,,,,,,
,,,,,,0.192033903,0.239444051,0.339555728,,0.339490043,0.427039905,,,,,,
,,,,,,0.192777643,0.239593744,0.339538318,,0.392362483,0.43581884,,,,,,
,,,,,,0.193706448,0.23944888,0.340138966,,0.382558902,0.435938215,,,,,,
,,,,,,0.193066705,0.239476294,0.307845838,,0.391217838,0.396118834,,,,,,
,,,,,,0.191451746,0.239563991,0.308211438,,0.397112071,0.401676394,,,,,,
,,,,,,0.193113191,0.247538863,0.3065837,,0.391380815,0.397033416,,,,,,
,,,,,,0.193909387,0.245550935,0.307885169,,0.391527054,0.43400639,,,,,,
,,,,,,0.191545383,0.238949071,0.308960114,,0.339540885,0.398976319,,,,,,
,,,,,,0.215646159,0.239948062,0.306807898,,0.339207426,0.411802018,,,,,,
,,,,,,0.226565393,0.240922555,0.30895192,,0.39134321,0.400197521,,,,,,
,,,,,,0.202221052,0.239505164,0.333165395,,0.391973908,0.424051773,,,,,,
,,,,,,0.193178146,0.244332825,0.332869068,,0.391105746,0.416923246,,,,,,
,,,,,,0.193259905,0.239697685,0.307734213,,0.393330931,0.433000452,,,,,,
,,,,,,0.192777643,0.239062096,0.333152441,,0.393953789,0.426678417,,,,,,
,,,,,,0.217113888,0.242778377,0.332840051,,0.396306687,0.419577962,,,,,,
,,,,,,0.217953244,0.24000722,0.307481825,,0.391380815,0.434803161,,,,,,
,,,,,,0.194607534,0.239091799,0.308334925,,0.391380815,0.401603109,,,,,,
,,,,,,0.192777643,0.239008555,0.307900163,,0.339573528,0.435636218,,,,,,
,,,,,,0.191492465,0.239500959,0.309855099,,0.391286311,0.422907209,,,,,,
,,,,,,0.192763274,0.238924946,0.339599161,,0.391345252,0.436648109,,,,,,
,,,,,,0.19945722,0.2440826,0.339568637,,0.391308162,0.417970643,,,,,,
,,,,,,0.306227945,0.240481588,0.307915403,,0.339717345,0.408057267,,,,,,
,,,,,,0.242774791,0.240939979,0.307812976,,0.391332224,0.41609694,,,,,,
,,,,,,0.242699814,0.239073566,0.307880518,,0.353589793,0.419767349,,,,,,
,,,,,,0.242879541,0.239588536,0.339498953,,0.363132891,0.423077286,,,,,,
,,,,,,0.246815445,0.239476294,0.340131177,,0.391380815,0.420007053,,,,,,
,,,,,,0.242774791,0.262415929,0.339599223,,0.351895032,0.419577962,,,,,,
,,,,,,0.245737159,0.250688854,0.339688026,,0.339820588,0.430730831,,,,,,
,,,,,,0.243612376,0.244912136,0.338419792,,0.362481741,0.430428248,,,,,,
,,,,,,0.247581664,0.23948081,0.30778813,,0.391493215,0.422267876,,,,,,
,,,,,,0.202621372,0.257568949,0.339502766,,0.391809732,0.403555734,,,,,,
,,,,,,0.243876027,0.257697567,0.339621944,,0.391380815,0.431398372,,,,,,
,,,,,,0.244148294,0.256769472,0.33959252,,0.395656238,0.430896971,,,,,,
,,,,,,0.242984179,0.239476294,0.338107847,,0.377423093,,,,,,,
,,,,,,0.242774791,0.238953621,0.338567356,,0.390314607,,,,,,,
,,,,,,0.321758339,0.238904741,0.33959252,,0.418579504,,,,,,,
,,,,,,0.246553422,0.243571329,0.338328402,,0.391308685,,,,,,,
,,,,,,0.24681204,0.240698399,0.336960396,,0.343418627,,,,,,,
,,,,,,0.247303802,0.239598859,0.339598735,,0.405589502,,,,,,,
,,,,,,0.21702895,0.244283022,0.339774739,,0.396139813,,,,,,,
,,,,,,0.247391805,0.23999483,0.339624048,,0.396933655,,,,,,,
,,,,,,0.24291516,0.23997679,0.339529321,,0.391510397,,,,,,,
,,,,,,0.324483682,0.239515809,0.309815889,,0.391534121,,,,,,,
,,,,,,0.24284457,0.240620652,0.334953719,,0.396194456,,,,,,,
,,,,,,0.243322774,0.23970215,0.329729458,,0.367131749,,,,,,,
,,,,,,0.242956752,0.238855795,0.300328436,,0.395408897,,,,,,,
,,,,,,0.243496411,0.244584344,0.306035351,,0.365695259,,,,,,,
,,,,,,0.245900083,0.249294521,0.334953719,,0.339584307,,,,,,,
,,,,,,0.243004238,0.240973101,0.334948793,,0.34021169,,,,,,,
,,,,,,0.245807943,0.238949071,0.333689051,,0.390314416,,,,,,,
,,,,,,0.24681204,0.238793787,0.334666893,,0.343029171,,,,,,,
,,,,,,0.24681204,0.239500056,0.33382877,,0.391369781,,,,,,,
,,,,,,0.24967081,0.240157421,0.337314946,,0.175887982,,,,,,,
,,,,,,0.245692163,0.239488937,0.322257298,,0.390484403,,,,,,,
,,,,,,0.247246856,0.239476294,0.343199794,,0.391382606,,,,,,,
,,,,,,0.24681204,0.239306364,0.299624609,,0.355375398,,,,,,,
,,,,,,0.304608634,0.238928606,0.341493413,,0.388322288,,,,,,,
,,,,,,0.304585899,0.245620573,0.336948884,,0.38853644,,,,,,,
,,,,,,0.309262345,0.240368489,0.299624609,,0.379643711,,,,,,,
,,,,,,0.313556601,0.239476294,0.336831903,,0.38853644,,,,,,,
,,,,,,0.244124692,0.268668929,0.307744635,,0.387357475,,,,,,,
,,,,,,0.253984411,0.239962963,0.302298035,,0.395458313,,,,,,,
,,,,,,0.299025523,0.24000722,0.307846844,,0.38853644,,,,,,,
,,,,,,0.245873804,0.239905139,0.336572745,,0.39037112,,,,,,,
,,,,,,0.299069863,0.246786418,0.302811241,,0.388923072,,,,,,,
,,,,,,0.250353858,0.238949071,0.303783996,,0.389044865,,,,,,,
,,,,,,0.298294062,0.239204003,0.303824322,,0.388392064,,,,,,,
,,,,,,0.254060946,0.245814989,0.301563549,,0.388319747,,,,,,,
,,,,,,0.297576272,0.262090653,0.307824679,,0.391512809,,,,,,,
,,,,,,0.246677984,0.241499356,0.308383843,,0.388630462,,,,,,,
,,,,,,0.297576272,0.238949071,0.30206657,,0.389482882,,,,,,,
,,,,,,0.247673047,0.239476294,0.33959252,,0.391308162,,,,,,,
,,,,,,0.24681204,0.240772546,0.339590122,,0.392641436,,,,,,,
,,,,,,0.246971793,0.243261904,0.340746456,,0.391407649,,,,,,,
,,,,,,0.297610035,0.244897846,0.340741285,,0.391503079,,,,,,,
,,,,,,0.296705403,0.250469434,0.339658257,,0.391308162,,,,,,,
,,,,,,0.297407799,0.24810097,0.339393928,,0.391288796,,,,,,,
,,,,,,0.247156988,0.243930025,0.339761441,,0.392135621,,,,,,,
,,,,,,0.297510858,0.245126554,0.339672658,,0.39135474,,,,,,,
,,,,,,0.297158868,0.244142782,0.339585171,,0.391256301,,,,,,,
,,,,,,0.218677773,0.244200794,0.30245358,,0.354535994,,,,,,,
,,,,,,0.254578881,0.246956377,0.339618548,,0.391327523,,,,,,,
,,,,,,0.296572006,0.239377156,0.339746398,,0.391010847,,,,,,,
,,,,,,0.29667493,0.245496299,0.339860643,,0.394383042,,,,,,,
,,,,,,0.244317215,0.244520342,0.243786277,,0.392117133,,,,,,,
,,,,,,0.24369485,0.239478175,0.245579269,,0.396871124,,,,,,,
,,,,,,0.242562086,0.238858091,0.302311856,,0.391572715,,,,,,,
,,,,,,0.243670391,0.239670873,0.302418957,,0.339748698,,,,,,,
,,,,,,0.24377395,0.238933454,0.310274149,,0.339917624,,,,,,,
,,,,,,0.242716511,0.240682443,0.307955674,,0.351716277,,,,,,,
,,,,,,0.243732085,0.238794487,0.33934682,,0.391380815,,,,,,,
,,,,,,0.243747436,0.242286079,0.339577412,,0.339479419,,,,,,,
,,,,,,0.246471175,0.244544975,0.344782471,,0.342459515,,,,,,,
,,,,,,0.246590185,0.240107819,0.33959252,,0.393799383,,,,,,,
,,,,,,0.243612376,0.239601676,0.339208964,,0.339803381,,,,,,,
,,,,,,0.243669667,0.239977855,0.307856317,,0.391842925,,,,,,,
,,,,,,0.244683165,0.23944888,0.307807537,,0.391853939,,,,,,,
,,,,,,0.25229526,0.239888654,0.199973938,,0.391276246,,,,,,,
,,,,,,0.247220022,0.241883598,0.307913631,,0.391539064,,,,,,,
,,,,,,0.245820907,0.240050074,0.307615777,,0.391840463,,,,,,,
,,,,,,0.245036887,0.238841741,0.302264339,,0.391221886,,,,,,,
,,,,,,0.246053134,0.239600133,0.307845838,,0.390616661,,,,,,,
,,,,,,0.245122845,0.247933524,0.318179455,,0.365087364,,,,,,,
,,,,,,0.245036887,0.238949071,0.301359575,,0.391347679,,,,,,,
,,,,,,0.245110555,0.239464502,0.245803754,,,,,,,,,
,,,,,,0.244410544,0.239592118,0.24311284,,,,,,,,,
,,,,,,0.246066389,0.239310956,0.243317733,,,,,,,,,
,,,,,,0.245036887,0.239956091,0.242952758,,,,,,,,,
,,,,,,0.246038075,0.239501614,0.243176678,,,,,,,,,
,,,,,,0.245036887,0.239275033,0.243675366,,,,,,,,,
,,,,,,0.244851362,0.239923395,0.243176678,,,,,,,,,
,,,,,,0.246100368,0.239476294,0.307845838,,,,,,,,,
,,,,,,0.245678357,0.238807154,0.339744724,,,,,,,,,
,,,,,,0.245012986,0.250688854,0.28356938,,,,,,,,,
,,,,,,0.261387724,0.239396689,0.339421936,,,,,,,,,
,,,,,,0.245036887,0.238602293,0.283468004,,,,,,,,,
,,,,,,0.245956557,0.239488937,0.33688597,,,,,,,,,
,,,,,,0.244851362,0.240108425,0.306466439,,,,,,,,,
,,,,,,0.261440949,0.238999719,0.306346436,,,,,,,,,
,,,,,,0.245036887,0.23881151,0.281616649,,,,,,,,,
,,,,,,0.245999344,0.239474415,0.24884958,,,,,,,,,
,,,,,,0.245983345,0.251054117,0.298415888,,,,,,,,,
,,,,,,0.242116348,0.239477917,0.371707685,,,,,,,,,
,,,,,,0.242136129,0.239137594,0.338290224,,,,,,,,,
,,,,,,0.241927098,0.238710682,0.338201214,,,,,,,,,
,,,,,,0.242901637,0.239793771,0.302006436,,,,,,,,,
,,,,,,0.245726776,0.244280897,0.33794895,,,,,,,,,
,,,,,,0.24200514,0.238949071,0.33959252,,,,,,,,,
,,,,,,0.248297918,0.240295186,0.339770474,,,,,,,,,
,,,,,,0.242553576,0.244124159,0.287673755,,,,,,,,,
,,,,,,0.25686848,0.23944888,0.337121856,,,,,,,,,
,,,,,,0.258592751,0.239579114,0.335551456,,,,,,,,,
,,,,,,0.242376278,0.251054588,0.301706348,,,,,,,,,
,,,,,,0.249746622,0.241850302,0.338134242,,,,,,,,,
,,,,,,0.242779605,0.248904437,0.336885638,,,,,,,,,
,,,,,,0.243083865,0.239265842,0.338545904,,,,,,,,,
,,,,,,0.244295078,0.250745488,0.337318871,,,,,,,,,
,,,,,,0.243084919,0.238780103,0.338446789,,,,,,,,,
,,,,,,0.243553448,0.240633736,0.338156655,,,,,,,,,
,,,,,,0.251405842,0.239180076,0.336666113,,,,,,,,,
,,,,,,0.242754302,0.238933454,0.309348099,,,,,,,,,
,,,,,,0.243537714,0.239752335,0.339989694,,,,,,,,,
,,,,,,0.245001421,0.240074226,0.339401447,,,,,,,,,
,,,,,,0.243642497,0.23944888,0.338247375,,,,,,,,,
,,,,,,0.245801205,0.239263627,0.33959252,,,,,,,,,
,,,,,,0.243552597,0.258900706,0.338197898,,,,,,,,,
,,,,,,0.244034319,0.238807154,0.302298035,,,,,,,,,
,,,,,,0.242839277,0.239920993,0.339669736,,,,,,,,,
,,,,,,0.246377,0.239159687,0.293920283,,,,,,,,,
,,,,,,0.243719799,0.239683466,0.338684181,,,,,,,,,
,,,,,,0.24279121,0.244313084,0.340055504,,,,,,,,,
,,,,,,0.243815249,0.239458206,0.338282599,,,,,,,,,
,,,,,,0.242958476,0.239476294,0.338296759,,,,,,,,,
,,,,,,0.242774791,0.238880084,0.339912074,,,,,,,,,
,,,,,,0.244438436,0.239627448,0.33846741,,,,,,,,,
,,,,,,0.243612376,0.249202401,0.338360178,,,,,,,,,
,,,,,,0.243139347,0.239056855,0.340271297,,,,,,,,,
,,,,,,0.243817658,0.244190015,0.341255302,,,,,,,,,
,,,,,,0.243671679,0.244283022,0.338300275,,,,,,,,,
,,,,,,0.244190184,0.256845559,0.338328402,,,,,,,,,
,,,,,,0.24317291,0.239476294,0.301261825,,,,,,,,,
,,,,,,0.24404196,0.23993731,0.307999464,,,,,,,,,
,,,,,,0.242688414,0.238439143,0.338290627,,,,,,,,,
,,,,,,0.242894236,0.249294521,0.302281715,,,,,,,,,
,,,,,,0.246142004,0.249352272,0.338328402,,,,,,,,,
,,,,,,0.242211028,0.239600423,0.307845838,,,,,,,,,
,,,,,,0.242635968,0.23997169,0.307845838,,,,,,,,,
,,,,,,0.242471638,0.239451187,0.307938497,,,,,,,,,
,,,,,,0.244749342,0.249149159,0.307816265,,,,,,,,,
,,,,,,0.249800068,0.241262938,0.307993675,,,,,,,,,
,,,,,,0.242221507,0.239532014,0.307628405,,,,,,,,,
,,,,,,0.24842468,0.244667228,0.308890154,,,,,,,,,
,,,,,,0.245785616,0.238914113,0.307862545,,,,,,,,,
,,,,,,0.260046079,0.239710993,0.307811125,,,,,,,,,
,,,,,,0.246635866,0.239478715,0.307779569,,,,,,,,,
,,,,,,0.25090352,0.243787954,0.307845838,,,,,,,,,
,,,,,,0.243598388,0.238878365,0.30784116,,,,,,,,,
,,,,,,0.25229526,0.24377682,0.312402977,,,,,,,,,
,,,,,,0.242536603,0.242865492,0.338846735,,,,,,,,,
,,,,,,0.242576137,0.249091705,0.307623393,,,,,,,,,
,,,,,,0.242894236,0.240081892,0.307738202,,,,,,,,,
,,,,,,0.245533707,0.240410913,0.307905165,,,,,,,,,
,,,,,,0.247738674,0.23949723,0.307781025,,,,,,,,,
,,,,,,0.247513524,0.244414543,0.307845838,,,,,,,,,
,,,,,,0.245132481,0.239436997,0.307967126,,,,,,,,,
,,,,,,0.245952651,0.244901756,0.308153896,,,,,,,,,
,,,,,,0.24495437,0.243962709,0.307652656,,,,,,,,,
,,,,,,0.244908519,0.238936046,0.331977502,,,,,,,,,
,,,,,,0.246097885,0.239449432,0.309917531,,,,,,,,,
,,,,,,0.246047909,0.239521416,0.244866456,,,,,,,,,
,,,,,,0.247598354,0.23955268,0.302050565,,,,,,,,,
,,,,,,0.219761526,0.2389194,0.307999464,,,,,,,,,
,,,,,,0.24572097,0.24001529,0.307845838,,,,,,,,,
,,,,,,0.243338119,0.239356471,0.30791569,,,,,,,,,
,,,,,,0.243258398,0.248530901,0.308567597,,,,,,,,,
,,,,,,0.252452933,0.244298978,0.307260911,,,,,,,,,
,,,,,,0.24260299,0.244398438,0.308085245,,,,,,,,,
,,,,,,0.24357724,0.242812932,0.307894014,,,,,,,,,
,,,,,,0.242562086,0.239169857,0.308715554,,,,,,,,,
,,,,,,0.242770623,0.239601972,0.307817568,,,,,,,,,
,,,,,,0.243642497,0.239367456,0.30526533,,,,,,,,,
,,,,,,0.244212193,0.239149984,0.247568302,,,,,,,,,
,,,,,,0.243257964,0.238811295,0.307845838,,,,,,,,,
,,,,,,0.243805401,0.248565924,0.253215451,,,,,,,,,
,,,,,,0.2433601,0.238934137,0.339035556,,,,,,,,,
,,,,,,0.242935437,0.240006717,0.247568145,,,,,,,,,
,,,,,,0.244065984,0.239247665,0.339603428,,,,,,,,,
,,,,,,0.242707444,0.242593568,0.306477902,,,,,,,,,
,,,,,,0.24364874,0.239532634,0.250316005,,,,,,,,,
,,,,,,0.245117182,0.239787128,0.243545956,,,,,,,,,
,,,,,,0.243789172,0.239606872,0.307870567,,,,,,,,,
,,,,,,0.243114344,0.238987422,0.252070121,,,,,,,,,
,,,,,,0.244008664,0.238770342,0.285108571,,,,,,,,,
,,,,,,0.242628355,0.246463071,0.247081907,,,,,,,,,
,,,,,,0.243527499,0.248141,0.246900454,,,,,,,,,
,,,,,,0.24366178,0.239324885,0.340575623,,,,,,,,,
,,,,,,0.243623266,0.242636786,0.332898629,,,,,,,,,
,,,,,,0.242774791,0.239539262,0.301775464,,,,,,,,,
,,,,,,0.242625731,0.239476294,0.303866295,,,,,,,,,
,,,,,,0.243017881,0.238949071,0.241741654,,,,,,,,,
,,,,,,0.243593957,0.239439721,0.240480648,,,,,,,,,
,,,,,,0.243743315,0.24885892,0.242335505,,,,,,,,,
,,,,,,0.243456385,0.238780103,0.246908424,,,,,,,,,
,,,,,,0.243605394,0.239476294,0.301631885,,,,,,,,,
,,,,,,0.244147221,0.23993731,0.286367426,,,,,,,,,
,,,,,,0.244962785,0.238865879,0.243507026,,,,,,,,,
,,,,,,0.2427392,0.240386252,,,,,,,,,,
,,,,,,0.243642497,0.238793787,,,,,,,,,,
,,,,,,0.243037139,0.238949071,,,,,,,,,,
,,,,,,0.245316013,,,,,,,,,,,
,,,,,,0.246156063,,,,,,,,,,,
,,,,,,0.246082055,,,,,,,,,,,
,,,,,,0.242777497,,,,,,,,,,,
,,,,,,0.24361984,,,,,,,,,,,
,,,,,,0.243741751,,,,,,,,,,,
,,,,,,0.242883755,,,,,,,,,,,
,,,,,,0.243573416,,,,,,,,,,,
,,,,,,0.244040341,,,,,,,,,,,
,,,,,,0.243634767,,,,,,,,,,,
,,,,,,0.249863502,,,,,,,,,,,
,,,,,,0.244122776,,,,,,,,,,,
,,,,,,0.243642497,,,,,,,,,,,
,,,,,,0.243598472,,,,,,,,,,,
,,,,,,0.242569735,,,,,,,,,,,
,,,,,,0.244175021,,,,,,,,,,,
,,,,,,0.242607087,,,,,,,,,,,
,,,,,,0.252314833,,,,,,,,,,,
,,,,,,0.243554454,,,,,,,,,,,
,,,,,,0.242726993,,,,,,,,,,,
,,,,,,0.242774791,,,,,,,,,,,
,,,,,,0.244112008,,,,,,,,,,,
,,,,,,0.244291985,,,,,,,,,,,
,,,,,,0.243959448,,,,,,,,,,,
,,,,,,0.242774791,,,,,,,,,,,
,,,,,,0.242901618,,,,,,,,,,,
,,,,,,0.243644876,,,,,,,,,,,
,,,,,,0.243037139,,,,,,,,,,,
,,,,,,0.244858162,,,,,,,,,,,
,,,,,,0.251244189,,,,,,,,,,,
,,,,,,0.243038928,,,,,,,,,,,
,,,,,,0.243612376,,,,,,,,,,,
,,,,,,0.242754302,,,,,,,,,,,
,,,,,,0.243745452,,,,,,,,,,,
,,,,,,0.19789821,,,,,,,,,,,
,,,,,,0.242442378,,,,,,,,,,,
,,,,,,0.242628355,,,,,,,,,,,
,,,,,,0.243584782,,,,,,,,,,,
,,,,,,0.242795401,,,,,,,,,,,
,,,,,,0.245494631,,,,,,,,,,,
,,,,,,0.242774791,,,,,,,,,,,
,,,,,,0.243612376,,,,,,,,,,,
,,,,,,0.242779666,,,,,,,,,,,
,,,,,,0.242562086,,,,,,,,,,,
,,,,,,0.242628355,,,,,,,,,,,
,,,,,,0.243546522,,,,,,,,,,,
,,,,,,0.245698109,,,,,,,,,,,
,,,,,,0.243616604,,,,,,,,,,,
,,,,,,0.243597807,,,,,,,,,,,
,,,,,,0.243970091,,,,,,,,,,,
,,,,,,0.24260299,,,,,,,,,,,
,,,,,,0.243698661,,,,,,,,,,,
,,,,,,0.258963789,,,,,,,,,,,
,,,,,,0.243612376,,,,,,,,,,,
,,,,,,0.242553866,,,,,,,,,,,
,,,,,,0.243132456,,,,,,,,,,,
,,,,,,0.260883225,,,,,,,,,,,
,,,,,,0.242654369,,,,,,,,,,,
,,,,,,0.242641099,,,,,,,,,,,
,,,,,,0.242731603,,,,,,,,,,,
,,,,,,0.243259907,,,,,,,,,,,
,,,,,,0.243612376,,,,,,,,,,,
,,,,,,0.243682799,,,,,,,,,,,
,,,,,,0.243275926,,,,,,,,,,,
,,,,,,0.291959234,,,,,,,,,,,
,,,,,,0.358461986,,,,,,,,,,,
,,,,,,0.242628355,,,,,,,,,,,
,,,,,,0.244573827,,,,,,,,,,,
,,,,,,0.243183002,,,,,,,,,,,
,,,,,,0.242931668,,,,,,,,,,,
,,,,,,0.244104151,,,,,,,,,,,
,,,,,,0.246115275,,,,,,,,,,,
,,,,,,0.242628621,,,,,,,,,,,
,,,,,,0.244289709,,,,,,,,,,,
,,,,,,0.243612376,,,,,,,,,,,
,,,,,,0.243321194,,,,,,,,,,,
,,,,,,0.242542906,,,,,,,,,,,
,,,,,,0.246242614,,,,,,,,,,,
,,,,,,0.243411941,,,,,,,,,,,
,,,,,,0.198537863,,,,,,,,,,,
,,,,,,0.243335553,,,,,,,,,,,
,,,,,,0.24262986,,,,,,,,,,,
