2020-Jan-Mar,2020-Apr-Jun,2020-Jul-Sep,2020-Oct-Dec,2021-Jan-Mar,2021-Apr-Jun,2021-Jul-Sep,2021-Oct-Dec,2022-Jan-Mar,2022-Apr-Jun,2022-Jul-Sep,2022-Oct-Dec,2023-Jan-Mar,2023-Apr-Jun,2023-Jul-Sep,2023-Oct-Dec,2024-Jan-Mar
0.154179206,0.176505854,0.154657948,0.153207703,0.186211527,0.213420269,0.180047969,0.241448016,0.307658782,0.342060175,0.431740021,0.435310144,0.437188477,0.474751156,0.51785923,0.484399885,0.577733282
0.154955512,0.176977741,0.170162445,0.154135985,0.209679671,0.213098001,0.180279695,0.300275975,0.307678634,0.367361405,0.45682475,0.43579427,0.43719719,0.505340691,0.55914514,0.48994724,0.588118051
0.156516507,0.176505854,0.155687965,0.154356684,0.29457769,0.213418563,0.181688627,0.244219145,0.339399444,0.342281985,0.391032615,0.441270698,0.414053785,0.505305334,0.52153062,0.477639,0.593184695
0.156646527,0.176505854,0.169690351,0.153324007,0.185299583,0.212868678,0.245642252,0.241441398,0.241955025,0.395827303,0.241370024,0.438851753,0.474863929,0.473581321,0.521730675,0.47752399,0.589673913
0.15663857,0.181005364,0.155785513,0.154179206,0.185936701,0.213345272,0.248328999,0.241370024,0.302151014,0.342959281,0.39083365,0.438504468,0.48320493,0.473803344,0.439108874,0.489923571,0.587431256
0.155725027,0.182938814,0.155499435,0.153552404,0.223557336,0.213158797,0.24844339,0.241415027,0.301952964,0.348368091,0.433360934,0.432806151,0.576144664,0.509304598,0.447413334,0.485921777,0.59076728
0.155963613,0.221440585,0.195788419,0.154566535,0.18820081,0.244585873,0.249784078,0.242596615,0.302096135,0.342407093,0.338052603,0.435281259,0.475936239,0.448376935,0.476946077,0.526742508,0.560114903
0.154169746,0.175646768,0.170771795,0.157005905,0.209679671,0.241483603,0.249055171,0.242104517,0.301995117,0.342283056,0.377691251,0.389777614,0.445802065,0.427414203,0.459950624,0.48814779,0.560866256
0.153843798,0.176505854,0.170447226,0.155888566,0.212717341,0.215180026,0.249481621,0.24229983,0.30788526,0.343475335,0.403265943,0.391032615,0.250196494,0.418990094,0.44791305,0.472662573,0.593514662
0.155265709,0.177228513,0.170162445,0.154374581,0.186055828,0.213432878,0.249946329,0.162351791,0.307600048,0.34217603,0.377707459,0.402186786,0.459282166,0.432391696,0.492556204,0.473887574,0.592886648
0.155005801,0.177158375,0.170162445,0.159774408,0.186346986,0.309823195,0.249946329,0.242591581,0.301995117,0.342826334,0.405612406,0.388394034,0.506202396,0.448398557,0.459390533,0.473788884,0.589441695
0.153995808,0.176505854,0.170385334,0.154179206,0.197787765,0.218239357,0.248983768,0.242117273,0.301731867,0.342079029,0.38167543,0.41251673,0.474373905,0.47837965,0.49033679,0.495948181,0.592522755
0.154288725,0.178062571,0.155511419,0.154355002,0.336840346,0.214016443,0.248314599,0.242292396,0.308374802,0.342060175,0.403253975,0.41485582,0.475165251,0.459623862,0.447685649,0.477830975,0.588748407
0.155321935,0.177007894,0.155511419,0.154451047,0.326053842,0.364440443,0.248328999,0.24131394,0.30772307,0.342283464,0.388149941,0.41504031,0.45798796,0.480696164,0.478112741,0.498361325,0.590011551
0.154493017,0.176566132,0.168138819,0.153344979,0.199669331,0.313998825,0.248328999,0.241569962,0.307687286,0.342856699,0.388113225,0.439127091,0.473799923,0.43262297,0.49106344,0.447658964,0.58934746
0.18199641,0.176162237,0.155448957,0.154152339,0.322104708,0.213418563,0.245678285,0.244886948,0.310256858,0.341973198,0.391889403,0.389171601,0.474477834,0.487964986,0.459504809,0.475447021,0.560438155
0.154179206,0.176077439,0.155493778,0.153009027,0.188233292,0.221809104,0.211250316,0.241351278,0.308336899,0.34206516,0.391032615,0.430946672,0.431444871,0.504496397,0.508066569,0.484345513,0.58935885
0.154575781,0.175141982,0.155298586,0.157460119,0.186211527,0.213384292,0.31429352,0.241162381,0.242381403,0.344249549,0.390972012,0.441122515,0.444342944,0.481748508,0.404177696,0.551203778,
0.15495013,0.176505854,0.163902857,0.162054764,0.185058392,0.213247198,0.201451039,0.241162381,0.241846387,0.342060175,0.391055747,0.388113225,0.418386885,0.481748217,0.474537624,0.490872002,
0.190903911,0.185381734,0.155617115,0.15430648,0.190248163,0.208392463,0.199937189,0.242440516,0.307617068,0.341895659,0.390949148,0.474544644,0.409629955,0.482528054,0.474043478,0.451904716,
0.193053883,0.197988833,0.15762333,0.152613813,0.190775785,0.213209538,0.297477948,0.257909246,0.339096262,0.342197804,0.390796849,0.388272592,0.418254044,0.418364883,0.512663947,0.489461248,
0.191082628,0.196726531,0.155658511,0.155839134,0.190775785,0.2139102,0.199388834,0.24445167,0.338200596,0.342060175,0.3914067,0.390054331,0.436431033,0.474996292,0.472670294,0.478504514,
0.155034785,0.309445771,0.158003715,0.154566535,0.193314995,0.213937316,0.200227621,0.245274347,0.307661476,0.342186068,0.391064141,0.40757944,0.440830444,0.484974588,0.521131412,0.498361325,
0.155223586,0.19806323,0.170174791,0.153819552,0.221367981,0.213416166,0.199337619,0.241382906,0.339331968,0.342060175,0.391386941,0.403250286,0.429176827,0.440466252,0.510333772,0.485798976,
0.154374581,0.198797962,0.170162445,0.154149208,0.191644746,0.21658516,0.302474824,0.244270685,0.242622348,0.341972404,0.391032615,0.412713311,0.44113875,0.424124918,0.509900438,0.505551113,
0.154179206,0.177081111,0.155760237,0.190831823,0.190775785,0.215586949,0.24237911,0.242448479,0.25209399,0.342033845,0.391061789,0.393131731,0.446641299,0.466435941,0.474902116,0.475816265,
0.154252583,0.176986403,0.155592301,0.325773354,0.225471267,0.213366023,0.309861593,0.241889541,0.241846387,0.342060175,0.395347683,0.388091055,0.414761822,0.478652468,0.477104556,0.505371996,
0.157120583,0.177404906,0.195064993,0.154356684,0.191341724,0.213761646,0.246665921,0.244652608,0.241846387,0.342286713,0.389777614,0.404637861,0.437082582,0.458122294,0.475210257,0.484841561,
0.156962171,0.177808387,0.15806879,0.154490299,0.192360191,0.29766511,0.242323832,0.241746191,0.307554565,0.342150651,0.390965189,0.440942887,0.43827664,0.46006583,0.506118787,0.505552678,
0.154179206,0.239893136,0.170604276,0.154775643,0.191218802,0.214807662,0.243217344,0.24139325,0.301944942,0.342529623,0.390902533,0.441122515,0.439575383,0.466222955,0.5125779,0.491488999,
0.155839501,0.176886464,0.170009682,0.153047697,0.291968814,0.21325195,0.243276242,0.242222977,0.301940261,0.341972404,0.391264409,0.391032615,0.457028029,0.484611015,0.517432351,0.50203341,
0.154527214,0.175116212,0.16315993,0.156155695,0.185058392,0.213735821,0.24291396,0.241270644,0.307857679,0.342076082,0.391348587,0.438851753,0.435036708,0.459962945,,0.50326423,
0.170196616,0.176505854,0.155919823,0.160189236,0.187225812,0.212815295,0.246780491,0.241418861,0.308259408,0.353108118,0.391118605,0.441122564,0.435154889,0.505265212,,0.520090748,
0.154179206,0.213088603,0.154481652,0.153207703,0.187746107,0.215137755,0.243269043,0.250836827,0.307641291,0.341891309,0.389777614,0.432874212,0.473144168,0.48225408,,0.477830975,
0.154179206,0.174850813,0.16854877,0.159685053,0.199680206,0.213193451,0.243217344,0.243344923,0.338078346,0.341935034,0.41504031,0.443415958,0.474863929,0.473187064,,0.459377556,
0.154179206,0.176895171,0.156911166,0.155822856,0.185301758,0.222694288,0.242253257,0.242035236,0.339399444,0.341972854,0.391036092,0.432908504,0.442732681,0.426640152,,0.474676065,
0.159128522,0.176959953,0.171492152,0.155650678,0.188785927,0.213418563,0.245731803,0.242255334,0.341450752,0.342026121,0.391013521,0.430763601,0.439596089,0.474273825,,0.51550807,
0.15495013,0.175985523,0.17007772,0.157336495,0.187851221,0.215087285,0.245642252,0.241289622,0.341712547,0.342060175,0.390787171,0.441122515,0.443614754,0.462551425,,0.478318869,
0.157012077,0.177320599,0.172778896,0.155542258,0.188206207,0.212810444,0.246665921,0.241370024,0.335137056,0.34229626,0.391006991,0.47362927,0.456458766,0.424089062,,0.58349627,
0.16675373,0.175783489,0.155423024,0.15442662,0.18820081,0.216672777,0.245991114,0.241325078,0.338263762,0.356515719,0.391032615,0.43868837,0.439342135,0.485992821,,0.55821063,
0.155166857,0.176505854,0.15512237,0.168196164,0.18820081,0.21677034,0.24486884,0.241254371,0.338613988,0.34882759,0.390940539,0.441008868,0.47467504,0.432201211,,0.558634695,
0.158412941,0.17547447,0.15762333,0.170597968,0.210932478,0.255759583,0.243144344,0.245810153,0.339718915,0.342074597,0.391179181,0.387806271,0.43742035,0.474751156,,0.584881436,
0.154944301,0.176588168,0.155320414,0.154913285,0.209928643,0.301943864,0.244802372,0.242576315,0.339399444,0.342100673,0.391074553,0.431611884,0.433089793,0.473751773,,0.58819677,
0.154004532,0.209504491,0.170760593,0.168326423,0.211330652,0.335331577,0.245388667,0.250821208,0.336541138,0.342200102,0.393131731,0.441270698,0.436491313,0.465991677,,0.588150015,
0.153856427,0.177463253,0.169817104,0.168196164,0.211272166,0.244419843,0.246665921,0.245633847,0.339399444,0.370805305,0.39140135,0.43953189,0.474218791,0.47616065,,0.583646349,
0.154179206,0.177028506,0.158461883,0.168196164,0.209652618,0.213352104,0.246553878,0.242218568,0.339331851,0.342060175,0.391086048,0.432760091,0.474564617,0.474894045,,0.587557982,
0.158327702,0.175429434,0.155511419,0.154715811,0.210859854,0.208649753,0.247038396,0.250821208,0.340598947,0.366489979,0.391048866,0.438742,0.434992561,0.474751156,,0.558158553,
0.154179206,0.177383052,0.170162445,0.153976679,0.216247771,0.213530654,0.245639531,0.241586588,0.339328474,0.34202531,0.391032615,0.391371786,0.475242784,0.431758167,,0.584986037,
0.154466459,0.176505854,0.1556366,0.170134613,0.209223577,0.213424833,0.245842956,0.241427051,0.339523451,0.342106976,0.388303048,0.388474098,0.43827664,0.475984734,,0.562885895,
0.154113502,0.176505854,0.336152367,0.154179206,0.209764313,0.213168241,0.262683902,0.242196846,0.33932542,0.356652377,0.391646573,0.439409362,0.421169536,0.436389253,,0.58819677,
0.155233748,0.176505854,0.327534682,0.169787862,0.211272166,0.212679059,0.248689412,0.241479442,0.339451678,0.34185823,0.391038489,0.432472089,0.431230212,0.434454124,,0.584881436,
0.154272659,0.205397053,0.155499435,0.168196164,0.21050325,0.212996081,0.245727509,0.241441398,0.336609498,0.340450606,0.388091055,0.41251673,0.432319338,0.474051496,,0.580689983,
0.154179206,0.176505854,0.17115316,0.168690754,0.209679671,0.213699511,0.246083313,0.242050817,0.339402921,0.341972975,0.392149201,0.407488767,0.414761822,0.481711484,,0.556191575,
0.154179206,0.185789761,0.155727895,0.182320136,0.21061999,0.213617206,0.245613429,0.337576964,0.338796605,0.356422946,0.398399956,0.438672546,0.444046914,0.476902235,,0.55914514,
0.154287008,0.176505854,0.168582045,0.168196164,0.209897967,0.213462248,0.245629453,0.244066585,0.3394046,0.340786035,0.36461677,0.415023401,0.392550099,0.441068341,,0.525255063,
0.154333918,0.177463253,0.170162445,0.169902431,0.211467556,0.213174119,0.245642252,0.336703677,0.338082602,0.342868076,0.439329381,0.431379972,0.390848334,0.449223762,,0.518096429,
0.153976207,0.176505854,0.172996556,0.177908215,0.209451535,0.213945425,0.199937189,0.243872973,0.338078346,0.342136599,0.430946672,0.439329381,0.417415426,0.412196558,,0.516274744,
0.154179394,0.177052662,0.155533258,0.167928598,0.211272166,0.213190144,0.248769959,0.244044324,0.338078346,0.348954189,0.426331371,0.4583036,0.440191277,0.444702929,,0.557134046,
0.154320067,0.176505854,0.170172149,0.16817815,0.209679671,0.215939838,0.24271854,0.241991864,0.307577651,0.341996516,0.391118382,0.441165921,0.3903135,0.44445833,,0.55420862,
0.15416043,0.182423748,0.155194741,0.154179206,0.209786497,0.21393326,0.248689412,0.242011737,0.339379918,0.343392665,0.388113225,0.445568424,0.414972776,0.417165509,,0.557994008,
0.155096408,0.198935905,0.171931308,0.169104548,0.332267958,0.216705829,0.245493673,0.241372529,0.336798926,0.343884766,0.391032615,0.417288073,0.429202965,0.476341876,,0.584704808,
0.154713237,0.176505854,0.170363572,0.17202764,0.186211527,0.213567949,0.30248549,0.241513282,0.241999624,0.381872285,0.391231255,0.430972206,0.439067677,0.460572199,,0.556745389,
0.15588624,0.177651782,0.170162445,0.193362696,0.219864107,0.213418563,0.309992185,0.243344923,0.339553714,0.39582352,0.388656069,0.416022923,0.44447314,0.430928118,,0.508192784,
0.154268639,0.177028506,0.155251444,0.347989025,0.292247266,0.214807662,0.245139924,0.242212339,0.340017382,0.38819692,0.391238588,0.43874261,0.474742341,0.418350507,,0.516741081,
0.154034417,0.187318551,0.155447139,0.153837121,0.210523588,0.214618708,0.243746138,0.241684174,0.308037838,0.378772661,0.418965894,0.439293496,,0.426627034,,0.512883617,
0.19444992,0.179337212,0.156575466,0.168196164,0.185301758,0.213418563,0.199067078,0.241407441,0.339665756,0.395454779,0.391107978,0.438851753,,0.465748823,,0.504292933,
0.162434288,0.177317398,0.169957082,0.167516561,0.332267958,0.213626375,0.249486223,0.24105166,0.339757737,0.385684673,0.404637861,0.41507731,,0.459577679,,0.514160117,
0.155311239,0.191934509,0.155422263,0.159610293,0.18710714,0.215099899,0.250000434,0.242435839,0.339438777,0.396290063,0.391085479,0.427092513,,0.426994725,,0.515075091,
0.15703294,0.175441087,0.170496722,0.168391652,0.212788711,0.213674138,0.243270361,0.241370024,0.339399444,0.395779068,0.390054331,0.431856561,,0.429232595,,0.514226378,
0.154634109,0.17662626,0.179580727,0.168153394,0.210455695,0.213584812,0.242161958,0.243770863,0.242045253,0.395827303,0.391032615,0.356123821,,0.484264357,,0.519869639,
0.157709558,0.178447413,0.172243381,0.154177164,0.20940756,0.213810523,0.245642252,0.242072131,0.338419271,0.39318121,0.391555511,0.426439898,,0.457911431,,0.51806399,
0.154836106,0.178814752,0.169252865,0.18770973,0.188302849,0.214782818,0.245642252,0.241909781,0.241888312,0.39347253,0.3919077,0.437177338,,0.474664094,,0.58178066,
0.191137354,0.180491176,0.155298586,0.168020417,0.212615536,0.214299169,0.229701386,0.24317239,0.302315062,0.393134535,0.391032615,0.432874212,,0.478536039,,0.557772998,
0.193613367,0.176102547,0.158248628,0.154274672,0.1872219,0.213403399,0.251149104,0.248953153,0.338078346,0.391384125,0.389026856,0.415110081,,0.458873954,,0.542777268,
0.154179206,0.177539184,0.170290204,0.154228955,0.209679671,0.213297547,0.242245308,0.250821208,0.338098225,0.392989159,0.391032615,0.415081739,,,,0.558590332,
0.159791278,0.177420837,0.155337792,0.168042687,0.20930422,0.213603977,0.245772963,0.240173286,0.301962853,0.402777689,0.392040973,0.390945972,,,,0.58425391,
0.154147523,0.177658321,0.178719942,0.154310245,0.209445291,0.215866455,0.245727201,0.241370024,0.308455501,0.395885297,0.391374361,0.438276801,,,,0.521847015,
0.154179206,0.176738031,0.170162445,0.156839368,0.191265162,0.216555863,0.245509226,0.244704385,0.307678634,0.395734396,0.389821188,0.404631731,,,,0.485798976,
0.158953526,0.176505854,0.170693798,0.15433532,0.209407404,0.213261498,0.199580543,0.242117273,0.302889271,0.39570967,0.33801326,0.421841472,,,,0.510861912,
0.154013875,0.17953255,0.155785513,0.155839134,0.21219185,0.213491237,0.245619989,0.177824394,0.338326764,0.39562802,0.374922731,0.429411453,,,,0.495187908,
0.155024313,0.177870728,0.162067764,0.154262853,0.211733448,0.213708787,0.246867103,0.3316929,0.338078346,0.420682864,0.391115045,0.430946672,,,,0.511105932,
0.156549131,0.175479837,0.155110496,0.154252583,0.187815976,0.213418563,0.243214868,0.162351791,0.241656924,0.399440223,0.391064945,0.415060634,,,,0.493110023,
0.155926471,0.180722656,0.155511419,0.154194107,0.32640415,0.216408471,0.243694907,0.242117273,0.302151014,0.395795263,0.391051267,0.402951064,,,,0.584520157,
0.155125713,0.177870728,0.155481336,0.154531929,0.325349397,0.214777556,0.242323832,0.241701229,0.307750937,0.395819622,0.388113225,0.430911883,,,,0.518040525,
0.155845935,0.177847425,0.156516513,0.173746271,0.209358178,0.213167818,0.246133423,0.242025312,0.336448064,0.395780669,0.415021564,0.415933889,,,,0.582031555,
0.155052538,0.176741794,0.157220327,0.161906774,0.215994009,0.21387347,0.245642252,0.2414352,0.244493556,0.365354845,0.415264073,0.391432063,,,,0.557772998,
0.156613147,0.176505854,0.170006129,0.155009721,0.222359166,0.208860782,0.245645542,0.242145487,0.339327816,0.367361405,0.390963608,0.443110637,,,,0.54804245,
0.154452888,0.178599168,0.153577185,0.156439046,0.191381961,0.213397866,0.200072647,0.244044324,0.346305105,0.312200176,0.389967325,0.430946672,,,,0.505573051,
0.154463961,0.177811381,0.171577685,0.15415511,0.186211527,0.215950595,0.243217344,0.241370024,0.33951544,0.393612321,0.391022136,0.441122515,,,,0.58547441,
0.155103465,0.175525894,0.169949005,0.156470364,0.216126208,0.21291112,0.243470167,0.241222243,0.302506501,0.342194777,0.402186786,0.404955448,,,,0.559646731,
0.191162206,0.181365145,0.157538434,0.153827484,0.20966071,0.21471033,0.245554147,0.300478868,0.336798926,0.342193565,0.391002039,0.431358535,,,,0.50903857,
0.154102452,0.173060301,0.17125967,0.15293398,0.210575324,0.213466195,0.199835347,0.241370024,0.339399444,0.368100038,0.391412035,0.441179919,,,,0.47684647,
0.154274153,0.207621672,0.157153891,0.169062301,0.209558939,0.215995986,0.245686405,0.242117273,0.245243382,0.342156612,0.438851753,0.437705584,,,,0.489897182,
0.255263647,0.246852092,0.155865014,0.169204787,0.188955797,0.334314421,0.246169798,0.241961013,0.339487582,0.342407093,0.390969329,0.431836929,,,,0.460020154,
0.153787962,0.219657588,0.169945851,0.190955597,0.200039437,0.213416745,0.245082723,0.242117273,0.337729417,0.395759951,0.390966285,0.42703245,,,,0.477521796,
0.162159771,0.176551712,0.170162445,0.223944795,0.209718341,0.335331577,0.245969361,0.244044324,0.302165864,0.342484391,0.364976738,0.392592916,,,,0.489777379,
0.154361085,0.176505854,0.155139563,0.171182878,0.218303988,0.215211066,0.242215579,0.241486317,0.307927395,0.395796057,0.395065034,0.407338865,,,,0.490720655,
0.154955512,0.175579148,0.170301117,0.171608333,0.182556641,0.213898891,0.24566721,0.242597166,0.339427083,0.395776985,0.391069107,0.30107827,,,,0.473592029,
0.154416149,0.176338975,0.15599852,0.168080861,0.191087265,0.213209538,0.245813615,0.241225714,0.302114372,0.342028896,0.391100743,0.34921853,,,,0.48926189,
0.15463652,0.176770116,0.154927539,0.16938841,0.209883462,0.213498558,0.245642252,0.244963279,0.302151014,0.395827303,0.392955956,0.38808292,,,,0.48265305,
0.154179206,0.176505854,0.170162445,0.168412809,0.18941541,0.213597477,0.246145028,0.242199826,0.339340503,0.341978768,0.391074768,0.390973918,,,,0.48669271,
0.154205255,0.176505854,0.155650674,0.168346478,0.187488254,0.213418563,0.24415953,0.241988069,0.30738893,0.356900303,0.338350587,0.391032615,,,,,
0.18337851,0.176505854,0.190921465,0.168813897,0.192765293,0.224980111,0.24561839,0.241452979,0.304186099,0.342000584,0.390932147,0.391085479,,,,,
0.155271839,0.177157671,0.170480919,0.156706463,0.210932478,0.213209538,0.246864686,0.239305027,0.307754649,0.342394137,0.391073476,0.410670896,,,,,
,0.177323755,0.156229295,0.168196164,0.186583848,0.216546117,0.245849983,0.241453595,0.310323853,0.345015908,0.391032615,0.391073476,,,,,
,0.176914455,0.170191007,0.154828049,0.208328047,0.213327604,0.246766159,0.242779592,0.293634379,0.342060175,0.39548701,0.414110258,,,,,
,0.176830795,0.156596109,0.168009387,0.208877773,0.214100011,0.243217344,0.241692823,0.292123141,0.395798943,0.391076882,0.432930601,,,,,
,0.176505854,0.170456041,0.157661268,0.188781293,0.216799385,0.245117438,0.241420637,0.306725219,0.395958268,0.391048407,0.417245923,,,,,
,0.176016505,0.170162445,0.16801064,0.209928643,0.24595191,0.246665921,0.241469993,0.312017929,0.395801771,0.390927967,0.390787171,,,,,
,0.178658851,0.157686651,0.168196164,0.210180473,0.214592054,0.243253087,0.241945029,0.302716511,0.367786189,0.36172812,0.397364544,,,,,
,0.176644119,0.154897376,0.168196164,0.326891978,0.213469926,0.248680905,0.241403848,0.33925971,0.342031058,0.388736465,0.398938327,,,,,
,0.176537178,0.155476965,0.15293398,0.208645736,0.216789529,0.248807184,0.236631807,0.30214477,0.341856214,0.391065779,0.391064141,,,,,
,0.182705097,0.172338175,0.168604302,0.190775785,0.317518251,0.246665921,0.329691437,0.301818584,0.391025505,0.391985137,0.395460025,,,,,
,0.180061818,0.282299615,0.169837333,0.326390503,0.220523115,0.246665921,0.30809823,0.302109089,0.395644134,0.390967721,0.391032615,,,,,
,0.182058566,0.155511419,0.173285056,0.191631934,0.213409657,0.246153463,0.241790613,0.30769505,0.341980662,0.395460025,0.391032615,,,,,
,0.176505854,0.20619137,0.168196164,0.332717533,0.213885961,0.245731803,0.241855621,0.339819076,0.395672389,0.388113225,0.396226136,,,,,
,0.176830555,0.170312287,0.167921392,0.304638316,0.288552587,0.246665921,0.241431733,0.339024508,0.395827303,0.391941121,0.404637861,,,,,
,0.175646938,0.169327668,0.168604302,0.304575236,0.244829878,0.245493673,0.241346782,0.303083372,0.395545105,0.338753436,0.391107623,,,,,
,0.176505854,0.170162445,0.167953997,0.186151587,0.213070268,0.245642252,0.242197987,0.307809598,0.395827303,0.391184105,0.412798305,,,,,
,0.177902394,0.17016107,0.153976679,0.241730972,0.213555963,0.245696142,0.241370024,0.339692803,0.39318121,0.392036939,0.391032615,,,,,
,0.176640595,0.170162445,0.168460525,0.186822373,0.213418563,0.245839083,0.23722854,0.338025379,0.342820771,0.388272592,0.391037242,,,,,
,0.185389225,0.155518239,0.167970741,0.186184525,0.213365025,0.245242126,0.237294984,0.307682423,0.342033668,0.390920707,0.420776417,,,,,
,0.182597034,0.156035887,0.15293398,0.322709326,0.213092913,0.245577517,0.237826188,0.241890547,0.342068467,0.392193885,0.390760024,,,,,
,0.226769922,0.173599175,0.168627314,0.191258382,0.216568021,0.245710152,0.300154301,0.259296333,0.381807963,0.39083365,0.391167645,,,,,
,0.180691048,0.1715624,0.168196164,0.191383628,0.213273828,0.245774532,0.241634462,0.338078346,0.353787369,0.391066468,0.417090042,,,,,
,0.183580752,0.155511419,0.156110534,0.210295913,0.213418563,0.246814011,0.241230023,0.302076197,0.398575535,0.364883069,0.410668077,,,,,
,,0.156375736,0.154149208,0.186211527,0.216759471,0.245642252,0.241407723,0.338088525,0.365614186,0.391032615,0.391030474,,,,,
,,0.157965294,0.153976679,0.190722067,0.213344444,0.245525469,0.241495087,0.304342599,0.342060175,0.390979703,0.391889403,,,,,
,,0.155775945,0.168196164,0.187839696,0.214666621,0.242416921,0.242148424,0.307726848,0.392989159,0.405612406,0.39086394,,,,,
,,0.156862877,0.168196164,0.209022537,0.215654618,0.247506731,0.24231452,0.307851716,0.341972404,0.391024276,0.398914826,,,,,
,,0.158776335,0.168125901,0.209679671,0.213674714,0.245813424,0.242117273,0.338064678,0.394515334,0.388113225,0.400476811,,,,,
,,0.338536242,0.167797195,0.326485889,0.213341711,0.246808523,0.242117273,0.338275394,0.342930729,0.34198088,0.415077243,,,,,
,,0.155511419,0.154253033,0.272935874,0.213513533,0.245642252,0.237791718,0.303259564,0.34208743,0.390997126,0.395522124,,,,,
,,0.157828709,0.153725207,0.212881023,0.213069978,0.307687793,0.244108709,0.24203499,0.396201787,0.397422882,0.391032615,,,,,
,,0.156072819,0.168632767,0.209567683,0.346844249,0.247214183,0.242532715,0.338237919,0.395827303,0.390748389,0.391032615,,,,,
,,0.156072819,0.168196164,0.205018009,0.244585873,0.247675255,0.243240601,0.339535836,0.342060175,0.391032615,0.43769388,,,,,
,,0.162796479,0.154315555,0.191327511,0.310140789,0.336357344,0.243936634,0.24205194,0.34318043,0.391032615,0.391032615,,,,,
,,0.15598369,0.167867676,0.191506237,0.222889843,0.246004673,0.300496953,0.358663268,0.341972404,0.391067895,0.392183577,,,,,
,,0.156203296,0.153976679,0.211360568,0.222369932,0.202674761,0.241396922,0.352420319,0.395827303,0.396789551,0.300358162,,,,,
,,0.156015048,0.167358171,0.190717831,0.21341601,0.246780491,0.237877509,0.338078346,0.393033525,0.390875506,0.307760765,,,,,
,,0.155681895,0.169621162,0.188137112,0.216530407,0.199909946,0.237196249,0.337139397,0.395827303,0.391032615,0.306256913,,,,,
,,0.155850279,0.153976679,0.211626096,0.365408296,0.245731803,0.237965591,0.338529563,0.366622946,0.388078325,0.302049986,,,,,
,,0.15530621,0.168454105,0.190775785,0.365220156,0.246665921,0.237042056,0.338078346,0.342475526,0.390981452,0.300360377,,,,,
,,0.155298586,0.191676294,0.203436857,0.302158939,0.242323832,0.338816063,0.338108494,0.342601672,0.338816063,0.338266435,,,,,
,,0.155789327,0.168477357,0.222982222,0.213478763,0.199937189,0.237104273,0.302151014,0.342134646,0.391032615,,,,,,
,,,0.168295379,0.191575297,0.21336322,0.24756591,0.238212794,0.338154288,0.395763758,0.391042481,,,,,,
,,,0.154434749,0.192005787,0.213354848,0.245642252,0.23836267,0.338004988,0.342101212,0.390714062,,,,,,
,,,0.20825658,0.213008861,0.213418563,0.248213042,0.238327647,0.337799142,0.341972404,0.379652328,,,,,,
,,,0.213466596,0.209534543,0.21341601,0.246665921,0.237691925,0.338183862,0.393100715,0.439127091,,,,,,
,,,0.171182878,0.191424454,0.2134576,0.243310356,0.237691925,0.338094623,0.342060175,0.404903225,,,,,,
,,,0.155761357,0.185301758,0.335331577,0.307653658,0.244843992,0.307759814,0.342742921,0.394366909,,,,,,
,,,0.341259869,0.209269425,0.272785747,0.242161958,0.239468192,0.339705605,0.342060175,0.391032615,,,,,,
,,,0.154179206,0.210212652,0.27312615,0.246733076,0.24228146,0.342842611,0.367143101,0.390155089,,,,,,
,,,0.266462357,0.18557909,0.214274537,0.246665038,0.237149511,0.3397207,0.341749055,0.39110656,,,,,,
,,,0.155329702,0.209679671,0.258681437,0.245847358,0.237791718,0.352340763,0.393191549,0.375377027,,,,,,
,,,0.168231993,0.188431184,0.24568153,0.242341481,0.237435526,0.241908762,0.392904681,0.391032615,,,,,,
,,,0.171214151,0.210161313,0.213418563,0.246862298,0.241162381,0.339169063,0.341982112,0.390939832,,,,,,
,,,0.157176306,0.209679671,0.242172778,0.242818834,0.242277791,0.340192652,0.342060175,0.391032615,,,,,,
,,,0.171196153,0.199064679,0.213572722,0.243282971,0.243138783,0.301869101,0.329950538,0.391032615,,,,,,
,,,0.154713237,0.18967877,0.215296924,0.245997824,0.242563634,0.301959053,0.342060175,0.388955949,,,,,,
,,,0.19102823,0.326485889,0.210506381,0.246274322,0.241658614,0.237613659,0.341889991,0.391215239,,,,,,
,,,0.168495852,0.209679671,0.335331577,0.307962542,0.241950738,0.237744081,0.344392856,0.390716008,,,,,,
,,,0.168196164,0.19355896,0.213347022,0.245622899,0.241923896,0.306054375,0.395751378,0.393150064,,,,,,
,,,0.169084643,0.210741225,0.213241815,0.24550013,0.241398267,0.303682817,0.367361405,0.391238758,,,,,,
,,,0.168164337,0.221669655,0.213866728,0.24558736,0.241370024,0.302125472,0.344610209,0.388113225,,,,,,
,,,0.20825658,0.209302135,0.208358382,0.24639238,0.243270452,0.339348194,0.342118782,0.36808484,,,,,,
,,,0.167873882,0.187071856,0.213440905,0.24550013,0.241880418,0.33927313,0.342060175,0.409806124,,,,,,
,,,0.167991393,0.313258772,0.301768588,0.245596455,0.241625878,0.241831011,0.348959396,0.392472666,,,,,,
,,,0.225853992,0.303723554,0.242261003,0.245349318,0.241697605,0.247683002,0.342060175,0.41504031,,,,,,
,,,0.168995506,0.198945102,0.20824102,0.247291526,0.242118196,0.241872524,0.342115331,0.338443362,,,,,,
,,,0.351568434,0.187071856,0.210236254,0.199903932,0.241441398,0.242195497,0.342060175,0.391337141,,,,,,
,,,0.168196164,0.222359166,0.214639403,0.199937189,0.242065548,0.243161879,0.342345218,0.338175249,,,,,,
,,,0.168073148,0.185614499,0.213901812,0.199925567,0.241388969,0.24417998,0.342323551,0.388113225,,,,,,
,,,0.168196164,0.18820081,0.21561144,0.19887114,0.243244697,0.241924996,0.396775065,0.391032615,,,,,,
,,,0.205833454,0.209265141,0.21561144,0.257925561,0.24229905,0.301995117,0.342407093,0.391032615,,,,,,
,,,0.168523649,0.186202648,0.214812263,0.258312151,0.242131358,0.242323645,0.393153417,0.391032615,,,,,,
,,,0.168196164,0.20015373,0.210125114,0.24697989,0.24295693,0.301995117,0.356448072,0.391041578,,,,,,
,,,0.155978357,0.185452938,0.213418563,0.247848422,0.24196998,0.307531696,0.342060175,0.344187494,,,,,,
,,,0.154297764,0.306795742,0.214545789,0.247003721,0.242117273,0.242653414,0.341963201,0.336990736,,,,,,
,,,0.154575781,0.209570572,0.214659845,0.242466635,0.244168861,0.242387996,0.342060175,0.391032615,,,,,,
,,,0.156422762,0.215051078,0.214446028,0.243506141,0.249977941,0.242734962,0.342001707,0.405773178,,,,,,
,,,0.202857842,0.209833974,0.225245824,0.242263832,0.242943356,0.242425022,0.342060175,0.344524631,,,,,,
,,,0.167098246,0.222333529,0.213724862,0.242364057,0.242117273,0.241846387,0.308477808,0.391423129,,,,,,
,,,0.167479962,0.194512674,0.215118361,0.245642252,0.242054589,0.251701131,0.342224398,0.390956471,,,,,,
,,,0.168155106,0.19512094,0.242537834,0.245672433,0.243258804,0.251701131,0.342060175,0.39105271,,,,,,
,,,0.154341746,0.243062467,0.335331577,0.245613963,0.244652608,0.244106987,0.342101632,0.391032615,,,,,,
,,,0.169434454,0.295534611,0.213312381,0.243069871,0.241324861,0.242250342,0.344062756,0.387509463,,,,,,
,,,0.153770901,0.210411111,0.232470614,0.243217344,0.241727793,0.301944161,0.342060175,0.391163612,,,,,,
,,,0.154321768,0.32329236,0.213418563,0.242208484,0.241508793,0.301995117,0.341969595,0.39127516,,,,,,
,,,0.154018045,0.269473821,0.213280453,0.242645177,0.241370024,0.303114653,0.340703296,0.412679877,,,,,,
,,,0.15426816,0.255291021,0.215593706,0.248742636,0.241670953,0.301995117,0.342047497,0.388113225,,,,,,
,,,0.168403475,0.194035849,0.213290735,0.242349043,0.242232766,0.241763919,0.34257991,0.388210657,,,,,,
,,,0.168196164,0.297115412,0.215173513,0.242398978,0.242372404,0.302058252,0.342060175,0.369634383,,,,,,
,,,0.153903651,0.19087437,0.213220644,0.24486884,0.241619629,0.339399444,0.342892789,0.391162667,,,,,,
,,,0.171821294,0.191971724,0.213361088,0.313650718,0.241468767,0.241846387,0.342322361,0.3878888,,,,,,
,,,0.167858279,0.209836095,0.208695632,0.245522285,0.237294679,0.241846387,0.342060175,0.41251673,,,,,,
,,,0.168531446,0.212704456,0.213098984,0.247090328,0.242784393,0.241846387,0.309003104,0.38924367,,,,,,
,,,0.168196164,0.209340532,0.213576046,0.26035313,0.2414719,0.339731871,0.342131179,0.414983049,,,,,,
,,,0.153563702,0.209836836,0.213147819,0.245642252,0.241390727,0.338719819,0.394796815,0.397530958,,,,,,
,,,0.167692074,0.20986484,0.212930435,0.192316373,0.242732536,0.308301317,0.341919093,0.397347237,,,,,,
,,,0.168142708,0.206407221,0.214733916,0.242323832,0.241441398,0.308478257,0.342060175,0.397362197,,,,,,
,,,0.158447467,0.185867706,0.21336501,0.245586524,0.242065548,0.339325803,0.342060175,0.338831327,,,,,,
,,,0.221848415,0.20983771,0.214238243,0.246780929,0.241851656,0.33996728,0.342060175,0.407146556,,,,,,
,,,0.154478627,0.210251776,0.216313278,0.248709565,0.257111591,0.301906801,0.342073854,0.388302437,,,,,,
,,,0.153976679,0.191185437,0.213273224,0.245642252,0.241370024,0.31054854,0.342283056,0.334314687,,,,,,
,,,0.154508071,0.19119416,0.21362049,0.246665921,0.24202101,0.307991064,0.342059697,0.333208434,,,,,,
,,,0.168355819,0.186342407,0.212997037,0.244869655,0.242897859,0.308294752,0.342806956,0.385546386,,,,,,
,,,0.1692047,0.192002624,0.221696953,0.242323832,0.238598833,0.241819367,0.342030811,0.317263014,,,,,,
,,,0.157828656,0.188321966,0.213291204,0.249468122,0.242698281,0.241918475,0.342351871,0.300358162,,,,,,
,,,0.195898822,0.303595376,0.215054914,0.200718732,0.241370024,0.242434923,0.342407093,0.307760765,,,,,,
,,,0.168290398,0.196799041,0.213631472,0.24813929,0.241401572,0.251932233,0.34204442,0.306256913,,,,,,
,,,0.169295631,0.303507873,0.208878249,0.243249268,0.251325172,0.244939948,0.341699957,0.302049986,,,,,,
,,,0.171351123,0.218303988,0.222527702,0.246515109,0.24223869,0.301914588,0.341988202,0.300360377,,,,,,
,,,0.176566072,0.209022537,0.213529638,0.24569441,0.242011737,0.307670528,0.340810744,0.338266435,,,,,,
,,,0.153207703,0.191458942,0.213341711,0.245813334,0.241440068,0.302049304,0.342060175,,,,,,,
,,,0.168541951,0.190775785,0.209832701,0.247892165,0.242065548,0.301873515,0.342034259,,,,,,,
,,,0.193611519,0.191688494,0.21398129,0.245656508,0.241508744,0.247372644,0.342286713,,,,,,,
,,,0.153207703,0.25736624,0.213500739,0.245807986,0.241370024,0.302157317,0.410126463,,,,,,,
,,,0.209020986,0.191141678,0.214978038,0.245945341,0.242305661,0.301911392,0.342239966,,,,,,,
,,,0.190977623,0.198676149,0.213773256,0.243216164,0.241844212,0.301977382,0.342060175,,,,,,,
,,,0.153891558,0.190822847,0.213190575,0.242434835,0.241506595,0.301995117,0.342021583,,,,,,,
,,,0.153483983,0.190775785,0.213355517,0.245642252,0.242887774,0.302122199,0.342515539,,,,,,,
,,,0.192854347,0.190841739,0.214890133,0.250815667,0.241162381,0.301416352,0.342286713,,,,,,,
,,,0.193362696,0.19071799,0.216840551,0.249057287,0.242230832,0.301840699,0.395769951,,,,,,,
,,,,0.190775785,0.213424718,0.246476687,0.242169493,0.301914468,0.342392551,,,,,,,
,,,,0.191286339,0.241421837,0.245568043,0.241721896,0.302250019,0.342121466,,,,,,,
,,,,0.192142732,0.242591998,0.245592792,0.258526249,0.307722154,0.395803611,,,,,,,
,,,,0.19258009,0.334314421,0.245628605,0.241467873,0.307600048,0.392919094,,,,,,,
,,,,0.190775785,0.241329953,0.246000231,0.244044324,0.30211515,0.395709696,,,,,,,
,,,,0.191152287,0.242588777,0.246479144,0.242727459,0.303006929,0.395827303,,,,,,,
,,,,0.192005787,0.213125317,0.245979055,0.242414413,0.301909645,0.345170849,,,,,,,
,,,,0.192026578,0.249519759,0.226450495,0.243780729,0.243338872,0.395825435,,,,,,,
,,,,0.190708036,0.213418563,0.246060032,0.241224342,0.32208907,0.38183895,,,,,,,
,,,,0.192354228,0.213418563,0.251989715,0.241664838,0.30223094,0.385384792,,,,,,,
,,,,0.190312832,0.213338876,0.246073192,0.241370024,0.337064197,0.395827303,,,,,,,
,,,,0.209806057,0.213338427,0.245889936,0.242218568,0.302242548,0.342060175,,,,,,,
,,,,0.19101728,0.304060621,0.24571556,0.241074565,0.30827149,0.342755044,,,,,,,
,,,,0.190828461,0.215137755,0.247103572,0.245311477,0.308185343,0.369835921,,,,,,,
,,,,0.193702211,0.303409333,0.261330358,0.242097721,0.307571113,0.364025086,,,,,,,
,,,,0.190775785,0.212263918,0.261341009,0.244122646,0.307742473,0.393931921,,,,,,,
,,,,0.190646993,0.213418563,0.245642252,0.242108774,0.307842061,0.342060175,,,,,,,
,,,,0.189910926,0.214516037,0.245765347,0.242117273,0.307618374,0.342060175,,,,,,,
,,,,0.19080971,0.213564687,0.246802669,0.244903798,0.307678634,0.412964022,,,,,,,
,,,,0.192432705,0.213190144,0.245731803,0.242741813,0.307661826,0.342590201,,,,,,,
,,,,0.191308457,0.213223201,0.245642252,0.242118083,0.302056222,0.395827303,,,,,,,
,,,,0.190775785,0.21104928,0.246753373,0.242574571,0.302136198,0.343392665,,,,,,,
,,,,0.271912617,0.21379052,0.246003769,0.242072745,0.307819297,0.342149639,,,,,,,
,,,,0.190620103,0.241329953,0.245606237,0.242140468,0.314927634,0.393421161,,,,,,,
,,,,0.191047394,0.214918358,0.246794713,0.242117273,0.307750762,0.342060175,,,,,,,
,,,,0.193180387,0.213359307,0.245731803,0.241554232,0.307678634,0.343528841,,,,,,,
,,,,0.190619566,0.302387694,0.247165118,0.243381332,0.338502866,0.396432832,,,,,,,
,,,,0.192822883,0.317382204,0.245642252,0.243981083,0.307743744,0.394405111,,,,,,,
,,,,0.190731601,0.213366023,0.246665921,0.241578021,0.307599974,0.342033358,,,,,,,
,,,,0.190775785,0.213324134,0.246888703,0.244675276,0.302113381,0.348208977,,,,,,,
,,,,0.190506627,0.214059194,0.245597478,0.244276223,0.303605018,0.342169162,,,,,,,
,,,,0.209774223,0.213133463,0.248530537,0.241394753,0.302026317,0.342073577,,,,,,,
,,,,0.191067556,0.213370255,0.254455921,0.244428869,0.244170675,0.342100673,,,,,,,
,,,,0.191445961,0.216794235,0.245256201,0.242297339,0.309934179,0.341890664,,,,,,,
,,,,0.193093985,0.333871857,0.246330971,0.242121257,0.302624401,0.396103512,,,,,,,
,,,,0.19330325,0.214892829,0.245642252,0.241420844,0.302151014,0.393519398,,,,,,,
,,,,0.190985257,0.21365874,0.245642252,0.242659873,0.242010966,0.342082931,,,,,,,
,,,,0.188694933,0.212968496,0.245707407,0.250752458,0.339399444,0.341976071,,,,,,,
,,,,0.19237939,0.213418563,0.246895837,0.251554267,0.339351282,0.366261488,,,,,,,
,,,,0.324939279,0.213418563,0.246033926,0.24136906,0.243933178,0.395802187,,,,,,,
,,,,0.190417135,0.301331862,0.246867862,0.241506595,0.198433021,0.342060175,,,,,,,
,,,,0.191406426,0.213774897,0.246700469,0.241549072,0.242715286,0.341972404,,,,,,,
,,,,0.193653704,0.214100011,0.245556685,0.243241424,0.244935603,0.395779068,,,,,,,
,,,,0.190843125,0.212586426,0.247745411,0.251721976,0.200587868,0.395631869,,,,,,,
,,,,0.191205901,0.22544128,0.246553878,0.249152721,0.305998517,0.396159049,,,,,,,
,,,,0.190775785,0.213346589,0.245734493,0.242136922,0.31024837,0.381807963,,,,,,,
,,,,0.191042138,0.213214152,0.245642252,0.249977941,0.242622348,0.394539403,,,,,,,
,,,,0.192360191,0.370393878,0.249697736,0.242117273,,0.342735389,,,,,,,
,,,,0.224595562,0.230034415,0.245752744,0.243073336,,0.395827303,,,,,,,
,,,,0.191352669,0.229828186,0.245822169,0.247741873,,0.3435177,,,,,,,
,,,,0.191205901,0.213560037,0.248708901,0.250821208,,0.396232865,,,,,,,
,,,,0.190775785,0.243278285,0.246686887,0.242439283,,0.379316926,,,,,,,
,,,,0.191805058,0.244419843,0.243121559,0.241995032,,0.393203547,,,,,,,
,,,,0.191387895,0.309968454,0.242282349,0.241419529,,0.342394349,,,,,,,
,,,,0.190775785,0.214473993,0.242358312,0.241439096,,0.342508692,,,,,,,
,,,,0.193586201,0.213418563,0.245493673,0.241383927,,0.395827303,,,,,,,
,,,,0.191637771,0.215607253,0.246767377,0.241697605,,0.342060175,,,,,,,
,,,,0.190775785,0.213344416,0.245846088,0.241566545,,0.395360327,,,,,,,
,,,,0.190775785,0.213478499,0.245557091,0.249906561,,0.341972404,,,,,,,
,,,,0.191207831,0.213418563,0.245583449,0.242439279,,0.344682508,,,,,,,
,,,,0.189563221,0.213346589,0.246665921,0.241884873,,0.395827303,,,,,,,
,,,,0.189734661,0.215047021,0.247195981,0.241775363,,0.342060175,,,,,,,
,,,,0.191203413,0.314589204,0.245478592,0.243293215,,0.341972404,,,,,,,
,,,,0.188956092,0.213362103,0.199688712,0.242117273,,0.396059974,,,,,,,
,,,,0.18820081,0.342781615,0.243254242,0.241020904,,0.342389518,,,,,,,
,,,,0.200615606,0.215187188,0.241801802,0.245176644,,0.342060175,,,,,,,
,,,,0.20998037,0.213621836,0.243303717,0.242098352,,0.392967984,,,,,,,
,,,,0.190218263,0.213418563,0.242204501,0.244292106,,0.393016243,,,,,,,
,,,,0.187974536,0.213979855,0.243217344,0.249733211,,0.342241704,,,,,,,
,,,,0.209141292,0.213418563,0.242195514,0.243270452,,0.301839914,,,,,,,
,,,,0.209784804,0.366104099,0.242401181,0.241668173,,0.306720867,,,,,,,
,,,,0.209962197,0.213435921,0.245401925,0.259203636,,0.303777869,,,,,,,
,,,,0.210703723,0.245237711,0.245692861,0.241162381,,0.301864538,,,,,,,
,,,,0.211031168,0.245727312,0.245748359,0.242117273,,0.342351673,,,,,,,
,,,,0.190750501,0.244892133,0.246246961,0.248168898,,0.39582612,,,,,,,
,,,,0.191434007,0.245625155,0.2020099,0.242114029,,0.342856699,,,,,,,
,,,,0.191833162,0.270569312,0.246898459,0.242102376,,,,,,,,,
,,,,0.210607314,0.245427462,0.24486884,0.300478868,,,,,,,,,
,,,,0.322104708,0.213370898,0.251701013,0.300436891,,,,,,,,,
,,,,0.222541168,0.244585873,0.243718591,0.300433165,,,,,,,,,
,,,,0.209970682,0.245680642,0.242323832,0.242282668,,,,,,,,,
,,,,0.210032636,0.213418563,0.243569391,0.241845416,,,,,,,,,
,,,,0.231275415,0.213418563,0.242416921,0.24141614,,,,,,,,,
,,,,0.190455398,0.244625221,0.242899425,0.242095779,,,,,,,,,
,,,,0.195299288,0.214611401,0.243181797,0.242088063,,,,,,,,,
,,,,0.211804199,0.2134486,0.247455648,0.239028093,,,,,,,,,
,,,,0.190775785,0.214037234,0.242323832,0.241441398,,,,,,,,,
,,,,0.193314995,0.213527075,0.242570274,0.242106914,,,,,,,,,
,,,,0.193592685,0.213418563,0.242323832,0.241649989,,,,,,,,,
,,,,0.196108312,0.213814242,0.245642252,0.245810153,,,,,,,,,
,,,,0.191491432,0.301994635,0.245681858,0.241823703,,,,,,,,,
,,,,0.190775785,0.213591497,0.24667158,0.241524442,,,,,,,,,
,,,,0.192064347,0.213050277,0.246665921,0.242705434,,,,,,,,,
,,,,0.191265162,0.213379549,0.243479706,0.242573808,,,,,,,,,
,,,,0.190822847,0.302176156,0.242227732,0.241678052,,,,,,,,,
,,,,0.191575297,0.214089628,0.24226311,0.24150465,,,,,,,,,
,,,,0.254954565,0.230130611,0.200039583,0.241940597,,,,,,,,,
,,,,0.193811581,0.213418563,0.243297243,0.242250526,,,,,,,,,
,,,,0.209467942,0.236455248,0.242388958,0.242295068,,,,,,,,,
,,,,0.209749473,0.213654083,0.200502805,0.242254576,,,,,,,,,
,,,,0.210183987,0.212932155,0.243275359,0.242205995,,,,,,,,,
,,,,0.208496698,0.213418563,0.246665921,0.241753647,,,,,,,,,
,,,,0.209172073,0.215620519,0.243269043,0.241370024,,,,,,,,,
,,,,0.209418232,0.213418563,0.246780491,0.251161644,,,,,,,,,
,,,,0.210004429,0.213216605,0.247036706,0.241370024,,,,,,,,,
,,,,0.303437408,0.213034355,0.24306148,0.238380802,,,,,,,,,
,,,,0.18820081,0.230738475,0.242500535,0.241889541,,,,,,,,,
,,,,0.221321901,0.245113983,0.242005258,0.237145848,,,,,,,,,
,,,,0.209679671,0.215185142,0.243217344,0.237196249,,,,,,,,,
,,,,0.218464881,0.213707502,0.243291126,0.241414693,,,,,,,,,
,,,,0.209437832,0.213370898,0.24634247,0.241889541,,,,,,,,,
,,,,0.187211821,0.213361157,0.246780491,0.239157375,,,,,,,,,
,,,,0.18820081,0.214987592,0.246695723,0.245140602,,,,,,,,,
,,,,0.223919732,0.213309209,0.261020492,0.244743579,,,,,,,,,
,,,,0.192665952,0.213772019,0.245920444,0.241498916,,,,,,,,,
,,,,0.325958682,0.212910943,0.24577981,0.242278235,,,,,,,,,
,,,,0.323841481,0.209245893,0.245842161,0.241455688,,,,,,,,,
,,,,0.190534755,0.213429003,0.246665921,0.242117273,,,,,,,,,
,,,,0.335983401,0.236858057,0.245617829,0.241422502,,,,,,,,,
,,,,0.20984115,0.332630987,0.242323832,0.250821208,,,,,,,,,
,,,,0.343499064,0.314495725,0.242323832,0.24480086,,,,,,,,,
,,,,0.336337113,0.215408243,0.242690988,0.242476069,,,,,,,,,
,,,,0.336766483,0.218542825,0.24230062,0.237796018,,,,,,,,,
,,,,0.209692051,0.21327757,0.244960546,0.243266008,,,,,,,,,
,,,,0.212000286,0.213512326,0.24321958,0.244809322,,,,,,,,,
,,,,0.210609568,0.213512603,0.243217344,0.242169334,,,,,,,,,
,,,,0.209867513,0.21343821,0.243275406,0.242151431,,,,,,,,,
,,,,0.336840346,0.214346754,0.242360519,0.244044324,,,,,,,,,
,,,,0.304340574,0.345137455,0.249285657,0.242525508,,,,,,,,,
,,,,0.298974829,0.244607006,0.247477101,0.237480642,,,,,,,,,
,,,,0.187215827,0.215593585,0.246780491,0.237294483,,,,,,,,,
,,,,0.310248167,0.332906475,0.245674578,0.242245448,,,,,,,,,
,,,,0.223557336,0.21482169,0.245651886,0.242310361,,,,,,,,,
,,,,0.209376292,0.273636253,0.243925373,0.241370024,,,,,,,,,
,,,,0.206913886,0.214326593,0.242253257,0.245253921,,,,,,,,,
,,,,0.230333937,,0.245416159,0.244274082,,,,,,,,,
,,,,0.224200743,,0.245814062,0.241681412,,,,,,,,,
,,,,0.209819483,,0.242323832,0.242579855,,,,,,,,,
,,,,0.242321172,,0.243763662,0.242190861,,,,,,,,,
,,,,0.20927852,,0.243646594,0.243506138,,,,,,,,,
,,,,0.303974922,,0.246553878,0.241594667,,,,,,,,,
,,,,0.267220096,,0.244330851,0.242604551,,,,,,,,,
,,,,0.209971999,,0.242400737,0.243602932,,,,,,,,,
,,,,0.307556801,,0.249281318,0.241744227,,,,,,,,,
,,,,0.209289858,,0.243952711,0.237621422,,,,,,,,,
,,,,0.187177411,,0.245900121,0.242677678,,,,,,,,,
,,,,0.210242661,,0.243268528,0.241710147,,,,,,,,,
,,,,0.187815976,,0.242227732,0.242692437,,,,,,,,,
,,,,0.209820987,,0.241796306,0.242090361,,,,,,,,,
,,,,0.194845787,,0.249762937,0.241771335,,,,,,,,,
,,,,0.223619217,,0.242103728,0.242266747,,,,,,,,,
,,,,0.221116361,,0.248929891,0.241289622,,,,,,,,,
,,,,0.18820081,,0.245493673,0.241060191,,,,,,,,,
,,,,0.225250502,,0.245616882,0.300563279,,,,,,,,,
,,,,0.223559136,,0.24639073,0.246364517,,,,,,,,,
,,,,0.190752048,,0.246758104,0.370100838,,,,,,,,,
,,,,0.209609002,,0.245642252,0.242117273,,,,,,,,,
,,,,0.213765214,,0.245591262,0.250802785,,,,,,,,,
,,,,0.209835668,,0.246046551,0.241441398,,,,,,,,,
,,,,0.209679671,,0.245731803,0.244464618,,,,,,,,,
,,,,0.208988054,,0.245513922,0.241367879,,,,,,,,,
,,,,0.208925255,,0.246663389,0.241373543,,,,,,,,,
,,,,0.192573553,,0.245642252,0.237287453,,,,,,,,,
,,,,0.254555348,,0.245642252,0.244607242,,,,,,,,,
,,,,0.332442938,,0.246381002,0.244843992,,,,,,,,,
,,,,0.214348991,,0.245735475,0.247966588,,,,,,,,,
,,,,0.216480372,,0.245691645,0.241370024,,,,,,,,,
,,,,0.256013844,,0.245731803,0.242117273,,,,,,,,,
,,,,0.195134257,,0.245760788,0.241441398,,,,,,,,,
,,,,0.313042427,,0.247174539,0.241809087,,,,,,,,,
,,,,0.208855218,,0.248689412,0.24805895,,,,,,,,,
,,,,0.330267532,,0.245635007,0.242099789,,,,,,,,,
,,,,0.209571071,,0.244517741,0.241370024,,,,,,,,,
,,,,0.228360906,,0.245531047,0.241441398,,,,,,,,,
,,,,0.244784782,,0.245953668,0.242219464,,,,,,,,,
,,,,0.254648147,,0.246739551,0.241883975,,,,,,,,,
,,,,0.232929073,,0.245734628,0.241223797,,,,,,,,,
,,,,0.234224593,,0.24627032,0.243330042,,,,,,,,,
,,,,0.234224593,,0.24602251,0.242549734,,,,,,,,,
,,,,0.222064096,,0.245748954,0.238291674,,,,,,,,,
,,,,0.186211527,,0.245642252,0.261268731,,,,,,,,,
,,,,0.222359166,,0.245833806,0.243037506,,,,,,,,,
,,,,0.190687325,,0.245642252,0.237253192,,,,,,,,,
,,,,0.222359166,,0.245990973,0.237294679,,,,,,,,,
,,,,0.249016277,,0.245723821,0.242261994,,,,,,,,,
,,,,0.191003909,,0.24245892,0.345180331,,,,,,,,,
,,,,0.33291989,,0.24303223,0.245630394,,,,,,,,,
,,,,0.298957742,,0.201451039,0.193668822,,,,,,,,,
,,,,0.306871075,,0.246807938,0.345180331,,,,,,,,,
,,,,0.342421163,,0.246854248,0.161720065,,,,,,,,,
,,,,0.211183803,,0.24564085,0.19379593,,,,,,,,,
,,,,0.187162845,,0.245884085,0.162346441,,,,,,,,,
,,,,0.329414813,,0.244015467,0.162778642,,,,,,,,,
,,,,0.209706029,,0.245642252,0.162206235,,,,,,,,,
,,,,0.209706029,,0.245841513,0.162351791,,,,,,,,,
,,,,0.208882514,,0.249371353,0.24220523,,,,,,,,,
,,,,0.209396273,,0.243442625,0.195246391,,,,,,,,,
,,,,0.212769957,,0.243238239,0.242117273,,,,,,,,,
,,,,0.209538892,,0.242304162,0.162403528,,,,,,,,,
,,,,0.212069609,,0.243215052,0.162351791,,,,,,,,,
,,,,0.212183611,,0.245683797,0.18086185,,,,,,,,,
,,,,0.209679671,,0.243746138,0.193850991,,,,,,,,,
,,,,0.208545833,,0.245629453,0.162470216,,,,,,,,,
,,,,0.209535865,,0.247101832,0.164865322,,,,,,,,,
,,,,0.208797878,,0.246665921,0.167169238,,,,,,,,,
,,,,0.211458049,,0.249269838,0.162049337,,,,,,,,,
,,,,0.20862517,,0.249057564,0.162664759,,,,,,,,,
,,,,0.209235835,,0.245988714,0.184703261,,,,,,,,,
,,,,0.209787075,,0.242594254,0.178911419,,,,,,,,,
,,,,0.221443144,,0.243520327,0.344665687,,,,,,,,,
,,,,0.221141131,,0.242215389,0.162820737,,,,,,,,,
,,,,0.19337724,,0.246651373,0.162778642,,,,,,,,,
,,,,0.190029242,,0.245731616,0.205613328,,,,,,,,,
,,,,0.209085192,,0.242323832,0.162520589,,,,,,,,,
,,,,0.187071856,,0.243641066,0.162419545,,,,,,,,,
,,,,0.191272305,,0.242264606,0.180509708,,,,,,,,,
,,,,0.298176997,,0.242323832,0.242144702,,,,,,,,,
,,,,0.187870346,,0.246665921,0.242383095,,,,,,,,,
,,,,0.209512653,,0.24314199,0.242117273,,,,,,,,,
,,,,0.190830623,,0.242107245,0.162351791,,,,,,,,,
,,,,0.190401863,,0.242129791,0.181995565,,,,,,,,,
,,,,0.210007226,,0.243091084,0.242117273,,,,,,,,,
,,,,0.189838114,,0.200331924,0.242195144,,,,,,,,,
,,,,0.189838114,,0.199937189,0.177772671,,,,,,,,,
,,,,0.185752365,,0.244889219,0.16335648,,,,,,,,,
,,,,0.19077579,,0.243179734,0.242169064,,,,,,,,,
,,,,0.331974244,,0.242246673,0.242176847,,,,,,,,,
,,,,,,0.242366634,0.242349969,,,,,,,,,
,,,,,,0.336444052,0.242087775,,,,,,,,,
,,,,,,0.243718987,0.205613328,,,,,,,,,
,,,,,,0.242323832,0.242117738,,,,,,,,,
,,,,,,0.243147944,0.242133106,,,,,,,,,
,,,,,,0.242288481,0.242372404,,,,,,,,,
,,,,,,0.248680905,0.242117273,,,,,,,,,
,,,,,,0.242253257,0.242393818,,,,,,,,,
,,,,,,0.242331467,0.244123404,,,,,,,,,
,,,,,,0.24232764,0.241370024,,,,,,,,,
,,,,,,0.242446658,0.239183021,,,,,,,,,
,,,,,,0.242323832,0.241651326,,,,,,,,,
,,,,,,0.242130484,0.237371604,,,,,,,,,
,,,,,,0.243217344,0.23718337,,,,,,,,,
,,,,,,0.246245056,0.237196249,,,,,,,,,
,,,,,,0.243212524,0.242671929,,,,,,,,,
,,,,,,0.245983314,0.241441398,,,,,,,,,
,,,,,,0.245642252,0.2421455,,,,,,,,,
,,,,,,0.246686387,0.241370024,,,,,,,,,
,,,,,,0.304070675,0.241370024,,,,,,,,,
,,,,,,0.243327564,0.24531496,,,,,,,,,
,,,,,,0.243217344,0.247998122,,,,,,,,,
,,,,,,0.24318281,0.241075896,,,,,,,,,
,,,,,,0.245893922,0.240313428,,,,,,,,,
,,,,,,0.257234436,0.251378686,,,,,,,,,
,,,,,,0.246643439,0.242408607,,,,,,,,,
,,,,,,0.246149551,0.240928069,,,,,,,,,
,,,,,,0.249224336,0.240385608,,,,,,,,,
,,,,,,0.245507374,0.241596272,,,,,,,,,
,,,,,,0.245642252,0.240313428,,,,,,,,,
,,,,,,0.246899652,0.241075896,,,,,,,,,
,,,,,,0.251122083,0.240313428,,,,,,,,,
,,,,,,0.247291526,0.242188271,,,,,,,,,
,,,,,,0.246667067,0.242218568,,,,,,,,,
,,,,,,0.247848545,0.247746852,,,,,,,,,
,,,,,,0.246700469,0.243981056,,,,,,,,,
,,,,,,0.246037722,0.241524217,,,,,,,,,
,,,,,,0.289261612,0.242110676,,,,,,,,,
,,,,,,0.246665921,0.24023593,,,,,,,,,
,,,,,,0.246665921,0.33801326,,,,,,,,,
,,,,,,0.247951915,0.243778288,,,,,,,,,
,,,,,,0.246580578,0.30814232,,,,,,,,,
,,,,,,0.246700469,0.194208497,,,,,,,,,
,,,,,,0.245667934,0.242244193,,,,,,,,,
,,,,,,0.245959509,0.193784089,,,,,,,,,
,,,,,,0.247581388,0.193738701,,,,,,,,,
,,,,,,0.245677908,0.24114587,,,,,,,,,
,,,,,,0.245964377,0.241833923,,,,,,,,,
,,,,,,0.245824654,0.239343064,,,,,,,,,
,,,,,,0.245493673,0.237196249,,,,,,,,,
,,,,,,0.24501818,0.244843992,,,,,,,,,
,,,,,,0.246665921,0.238508618,,,,,,,,,
,,,,,,0.245856857,0.238380802,,,,,,,,,
,,,,,,0.245642252,0.242280225,,,,,,,,,
,,,,,,0.246882696,0.241279954,,,,,,,,,
,,,,,,0.246665921,0.241557246,,,,,,,,,
,,,,,,0.24592703,0.238130062,,,,,,,,,
,,,,,,0.246675001,0.237907919,,,,,,,,,
,,,,,,0.245629453,0.237791718,,,,,,,,,
,,,,,,0.245642252,0.237196249,,,,,,,,,
,,,,,,0.245659008,0.237277309,,,,,,,,,
,,,,,,0.246884871,0.24229983,,,,,,,,,
,,,,,,0.246053544,0.250743221,,,,,,,,,
,,,,,,0.246522639,0.241646179,,,,,,,,,
,,,,,,0.245642252,0.237196249,,,,,,,,,
,,,,,,0.245493673,0.237196249,,,,,,,,,
,,,,,,0.245642252,0.238531155,,,,,,,,,
,,,,,,0.246553878,0.242264926,,,,,,,,,
,,,,,,0.247234806,0.237631398,,,,,,,,,
,,,,,,0.247314711,0.24229983,,,,,,,,,
,,,,,,0.297305422,0.237482953,,,,,,,,,
,,,,,,0.24671961,0.239195872,,,,,,,,,
,,,,,,0.245642252,0.241382012,,,,,,,,,
,,,,,,0.246767589,0.250834851,,,,,,,,,
,,,,,,0.246115329,0.241952272,,,,,,,,,
,,,,,,0.245589149,0.242940979,,,,,,,,,
,,,,,,0.245409767,0.242117273,,,,,,,,,
,,,,,,0.24606813,0.241370024,,,,,,,,,
,,,,,,0.245704296,0.242320755,,,,,,,,,
,,,,,,0.247263758,0.241483436,,,,,,,,,
,,,,,,0.245816653,0.30048864,,,,,,,,,
,,,,,,0.247652053,0.242357816,,,,,,,,,
,,,,,,0.247633128,0.242100295,,,,,,,,,
,,,,,,0.247311955,0.241476428,,,,,,,,,
,,,,,,0.248742636,0.241910289,,,,,,,,,
,,,,,,0.215478714,0.237263119,,,,,,,,,
,,,,,,0.245642252,0.241554273,,,,,,,,,
,,,,,,0.247633128,0.241441398,,,,,,,,,
,,,,,,0.246426887,0.238625978,,,,,,,,,
,,,,,,0.247954493,0.242647701,,,,,,,,,
,,,,,,0.335166612,0.242053919,,,,,,,,,
,,,,,,0.313345224,0.242318703,,,,,,,,,
,,,,,,0.201454519,0.237145848,,,,,,,,,
,,,,,,0.20236866,0.244853004,,,,,,,,,
,,,,,,0.25046508,0.244827022,,,,,,,,,
,,,,,,,0.242962404,,,,,,,,,
,,,,,,,0.241376004,,,,,,,,,
,,,,,,,0.242017676,,,,,,,,,
,,,,,,,0.238588717,,,,,,,,,
,,,,,,,0.241944455,,,,,,,,,
,,,,,,,0.243431667,,,,,,,,,
,,,,,,,0.300478868,,,,,,,,,
,,,,,,,0.237393499,,,,,,,,,
,,,,,,,0.237191736,,,,,,,,,
,,,,,,,0.242114761,,,,,,,,,
,,,,,,,0.253459322,,,,,,,,,
,,,,,,,0.241223186,,,,,,,,,
,,,,,,,0.241432575,,,,,,,,,
,,,,,,,0.24190814,,,,,,,,,
,,,,,,,0.19386533,,,,,,,,,
,,,,,,,0.242276195,,,,,,,,,
,,,,,,,0.241370024,,,,,,,,,
,,,,,,,0.242117273,,,,,,,,,
,,,,,,,0.242102599,,,,,,,,,
,,,,,,,0.242294269,,,,,,,,,
,,,,,,,0.242265632,,,,,,,,,
,,,,,,,0.241542987,,,,,,,,,
,,,,,,,0.241688202,,,,,,,,,
,,,,,,,0.242529146,,,,,,,,,
,,,,,,,0.241435327,,,,,,,,,
,,,,,,,0.242117273,,,,,,,,,
,,,,,,,0.242263913,,,,,,,,,
,,,,,,,0.241370024,,,,,,,,,
,,,,,,,0.242091409,,,,,,,,,
,,,,,,,0.242843149,,,,,,,,,
,,,,,,,0.242479728,,,,,,,,,
,,,,,,,0.241306195,,,,,,,,,
,,,,,,,0.242709708,,,,,,,,,
,,,,,,,0.244191902,,,,,,,,,
,,,,,,,0.241426507,,,,,,,,,
,,,,,,,0.241318772,,,,,,,,,
,,,,,,,0.242244823,,,,,,,,,
,,,,,,,0.241734794,,,,,,,,,
,,,,,,,0.241583086,,,,,,,,,
,,,,,,,0.242188271,,,,,,,,,
,,,,,,,0.241697094,,,,,,,,,
,,,,,,,0.241481636,,,,,,,,,
,,,,,,,0.242117273,,,,,,,,,
,,,,,,,0.251048462,,,,,,,,,
,,,,,,,0.243125761,,,,,,,,,
,,,,,,,0.241370024,,,,,,,,,
,,,,,,,0.251487477,,,,,,,,,
,,,,,,,0.243530737,,,,,,,,,
,,,,,,,0.241370024,,,,,,,,,
,,,,,,,0.242154968,,,,,,,,,
,,,,,,,0.242122172,,,,,,,,,
,,,,,,,0.241357225,,,,,,,,,
,,,,,,,0.242117273,,,,,,,,,
,,,,,,,0.241398251,,,,,,,,,
,,,,,,,0.242086907,,,,,,,,,
,,,,,,,0.2420065,,,,,,,,,
,,,,,,,0.241415298,,,,,,,,,
,,,,,,,0.241441398,,,,,,,,,
,,,,,,,0.288302058,,,,,,,,,
,,,,,,,0.239145301,,,,,,,,,
,,,,,,,0.243366432,,,,,,,,,
,,,,,,,0.301137874,,,,,,,,,
,,,,,,,0.300254031,,,,,,,,,
,,,,,,,0.242112954,,,,,,,,,
,,,,,,,0.244119124,,,,,,,,,
,,,,,,,0.239157375,,,,,,,,,
,,,,,,,0.241811397,,,,,,,,,
,,,,,,,0.336107584,,,,,,,,,
,,,,,,,0.313331896,,,,,,,,,
,,,,,,,0.195444038,,,,,,,,,
,,,,,,,0.197443077,,,,,,,,,
