2020-Jan-Mar,2020-Apr-Jun,2020-Jul-Sep,2020-Oct-Dec,2021-Jan-Mar,2021-Apr-Jun,2021-Jul-Sep,2021-Oct-Dec,2022-Jan-Mar,2022-Apr-Jun,2022-Jul-Sep,2022-Oct-Dec,2023-Jan-Mar,2023-Apr-Jun
0.154179206,0.154179206,0.154179206,0.236337567,0.34334943,0.28834751,0.305798113,0.24486884,0.292723269,0.340996346,0.387427701,0.431206853,0.430035971,0.510013249
0.194707291,0.194707291,0.154509196,0.154179206,0.300784401,0.30069933,0.18587835,0.242323832,0.301118776,0.34107105,0.398672256,0.432595442,0.437904454,0.510983664
0.154179206,0.299480243,0.346633941,0.155839501,0.344084671,0.182590522,0.184872093,0.243427676,0.298554093,0.303672478,0.387506387,0.435019608,0.429639625,0.430035971
0.154955512,0.154179206,0.299480243,0.154179206,0.179301767,0.300771386,0.300711265,0.280371374,0.250507847,0.363978833,0.399493248,0.434024176,0.510983664,0.487051304
0.154388113,0.154228955,0.238110764,0.347989025,0.183017785,0.245014205,0.301435683,0.279263499,0.24194796,0.361514645,0.388362501,0.43587858,0.424862898,0.48232404
0.153852433,0.267689367,0.194707291,0.154512806,0.179787402,0.300389991,0.300318627,0.242204501,0.30139281,0.39240065,0.374565075,,0.480459807,0.482160705
0.15423682,0.153337761,0.155158295,0.347989025,0.179787402,0.301664108,0.287744985,0.243235097,0.302861971,0.364410807,0.387577129,,0.482160705,0.481935521
0.154176293,0.154955512,0.154179206,0.154243051,0.342555545,0.243766189,0.287777585,0.289261612,0.237689087,0.339620211,0.385285164,,0.426694304,0.479002663
0.15463652,0.15553192,0.15463652,0.347989025,0.299882314,0.300858829,0.259190481,0.244966312,0.23911058,0.394669981,0.362173543,,0.431545938,0.511173163
0.15509098,0.154442841,0.347990305,0.154500949,0.343094967,0.257082256,0.274819075,0.242263978,0.241713387,0.38081702,0.387502208,,0.431668457,0.510634348
0.153686415,0.154388113,0.347989025,0.15481327,0.299946608,0.257760914,0.275596734,0.242444502,0.302255755,0.386519923,0.387684428,,0.434292366,0.510525053
0.154008174,0.154179206,0.153852433,0.348531832,0.300302073,0.257192764,0.255133267,0.242498583,0.300848341,0.39478289,0.387383127,,0.510634348,0.480459807
0.155001345,0.154179206,0.299480243,0.347634008,0.274112398,0.279315627,0.282995261,0.300637808,0.301118776,0.341155168,0.377017478,,0.430631427,0.54808892
0.154179206,0.154179206,0.157327937,0.346813507,0.195385019,0.280101771,0.297890891,0.246849114,0.298537949,0.394669981,0.374604886,,0.429594231,0.511316285
0.155259336,0.154071869,0.153827484,0.30130044,0.216599932,0.279315627,0.275829421,0.243698382,0.302209704,0.342499126,0.389961693,,0.484019736,0.510685299
,0.154217757,0.154388113,0.154179206,0.274762475,0.278939515,0.275596734,0.243149843,0.301054902,0.380836651,0.376998013,,0.433773953,0.477370927
,0.154857667,0.235493205,0.155822856,0.274630618,0.201155686,0.274819075,0.242323832,0.238274114,0.339188755,0.389961693,,0.426649943,0.511152169
,0.154179206,0.154179206,0.153884091,0.27189883,0.260864912,0.274012497,0.301098036,0.237721,0.340658376,0.380024341,,0.482360245,0.510634348
,0.154456547,0.153867344,0.348096909,0.277329625,0.280101771,0.198615323,0.243217344,0.244373385,0.351251028,0.376998013,,0.426696735,0.48687599
,0.154179206,0.154450089,0.154443905,0.274709787,0.278204279,0.199796477,0.242161958,0.303033134,0.352861808,0.392927309,,0.479002663,0.481767646
,0.154102452,0.154349925,0.34339892,0.27189883,0.196675382,0.275000876,0.24486884,0.292723269,0.384231419,0.337772964,,0.426204713,0.510557304
,0.154179206,0.154179206,0.347512897,0.274837683,0.277613259,0.274819075,0.304794235,0.306359722,0.34072639,0.390826729,,0.432209526,0.548310013
,0.154179206,0.156690107,0.34750351,0.274112398,0.277071664,0.274636659,0.244848301,0.301045499,0.392221891,0.389959248,,0.430017617,0.481416012
,0.154179206,0.154932601,0.341181609,0.277362247,0.279600579,0.27593406,0.242444502,0.298554093,0.340724681,0.354000296,,0.430613535,0.510983664
,0.155082821,0.154434749,0.155822856,0.179974999,0.280627341,0.303845082,0.243229629,0.298554093,0.340745705,0.381908394,,,0.510386848
,0.153931819,0.155495335,0.235493205,0.193865769,0.280258483,0.305031688,0.244065347,0.298936819,0.339119865,0.389832417,,,0.510201306
,0.155239899,0.154179206,0.347989025,0.179279002,0.280092309,0.305136035,0.309421997,0.301112373,0.339230613,0.376950232,,,0.4884347
,0.154553614,0.155077364,0.348935106,0.179787402,0.278775222,0.304335734,0.309433918,0.301118776,0.339862225,0.389832417,,,0.480297994
,0.154348551,0.154955512,0.154451047,0.342966871,0.209370785,0.299115108,0.242323832,0.300964075,0.340511335,0.337425316,,,0.474826931
,0.15490888,0.154179206,0.154080125,0.334176106,0.209007907,0.298734196,0.243229629,0.242748828,0.378138817,0.353218267,,,0.472799908
,0.153959599,0.154320067,0.154139063,0.343290189,0.200704088,0.287742984,0.245642252,0.242725491,,0.340734253,,,0.482938817
,0.154179206,0.154008174,0.15458896,0.179743829,0.278808293,0.298662553,0.245493673,0.301385482,,0.388157808,,,0.510201306
,0.154492227,,0.15663857,0.183373448,0.278716929,0.244715537,0.243217344,0.301047749,,,,,0.474804864
,0.224110312,,0.154080125,0.297646443,0.280442729,0.303266744,0.242162325,0.292642305,,,,,0.431545938
,0.196058386,,0.158916557,0.180620397,0.283361094,0.299104078,0.289910597,0.301118776,,,,,0.474826931
,0.15413088,,0.347989025,0.258608254,0.279432612,0.300558783,0.253775499,0.292669038,,,,,0.510441538
,0.154008174,,0.154575781,0.18018596,0.260864912,0.2991776,0.307870515,0.301431082,,,,,0.473699712
,0.159625924,,0.347734618,0.180976283,0.279315627,0.299036995,0.243221527,0.292712562,,,,,0.510421469
,0.154154815,,0.15804677,0.179490427,0.279931007,0.303662121,0.246610987,0.24194796,,,,,
,0.154321169,,0.158334851,0.339497324,0.200849372,0.287785894,0.213173115,0.301002027,,,,,
,0.159817466,,0.1554566,0.336193478,0.258125007,0.245562345,0.246688483,0.302802605,,,,,
,0.154179206,,0.154845953,0.183374524,0.307391663,0.287599693,0.243268473,0.301125762,,,,,
,0.154743438,,0.171703451,0.339239506,0.306983573,0.300786262,0.246665921,0.301054902,,,,,
,0.234627636,,0.171129871,0.177876252,0.306983573,0.245157787,0.245715885,0.301070563,,,,,
,,,0.154837968,0.180596568,0.306718429,0.299411965,0.242444502,0.23859448,,,,,
,,,0.154390169,0.179787402,0.301322787,0.298734196,0.246849114,0.301160135,,,,,
,,,0.154892494,0.180649782,0.308150404,0.299594667,0.245833806,0.301118776,,,,,
,,,0.159820718,0.179787402,0.300147826,0.299791384,0.245642252,0.301054845,,,,,
,,,0.344998222,0.191763773,0.306983573,0.288071479,0.246767976,0.294216201,,,,,
,,,0.347915942,0.180179041,0.306623384,0.293298554,0.24486884,0.292646652,,,,,
,,,0.154418255,0.185035,0.307727818,0.298677312,0.250260899,0.301085822,,,,,
,,,0.154493017,0.179623851,0.307747929,0.244825343,0.245642252,0.299685706,,,,,
,,,0.343420484,0.180023104,0.306926439,0.323119177,0.246725043,0.301053418,,,,,
,,,0.347436329,0.182327258,0.307373688,0.304133918,0.246757505,0.301126717,,,,,
,,,0.154516899,0.342660157,0.301034973,0.299246431,0.249922302,0.301025664,,,,,
,,,0.154321992,0.193752514,0.30069933,0.298129297,0.248689412,0.301118776,,,,,
,,,0.157018828,0.179409312,0.300686439,0.244565665,0.246665921,0.30108941,,,,,
,,,0.170758894,0.341452539,0.257082256,0.305509911,0.289939691,0.301537795,,,,,
,,,0.347989025,0.300409692,0.339353592,0.297401863,0.246357374,0.29285119,,,,,
,,,0.154111203,0.305031688,0.193089402,0.244902369,0.245834108,0.29970117,,,,,
,,,0.170855789,0.300158882,0.298487488,0.244822934,0.254620718,0.301054902,,,,,
,,,0.154534322,0.340967542,0.201067904,0.287908596,0.245690142,0.242699586,,,,,
,,,0.153753742,0.179787402,0.306926439,0.298457451,0.248812928,0.24516064,,,,,
,,,0.154135985,0.185104944,0.298575315,0.29884473,0.246040639,0.301139397,,,,,
,,,0.161906774,0.296849844,0.336585802,0.287744985,0.245764271,0.24259323,,,,,
,,,0.155839501,0.341572288,0.302274376,0.301020362,0.248915676,0.242030671,,,,,
,,,0.154394937,0.300131594,0.300293233,0.244623419,0.246007774,0.301118776,,,,,
,,,0.155064624,0.300201748,0.194560423,0.298734196,0.245811239,0.242780767,,,,,
,,,0.17079824,0.331955553,0.300834454,0.289543878,0.25004219,0.301118776,,,,,
,,,0.159292829,0.179857569,0.307090456,0.303426902,0.247951915,0.301005609,,,,,
,,,0.154179206,0.305031688,0.339043769,0.300465113,0.246324108,0.300896453,,,,,
,,,0.154335415,0.304577901,0.300874697,0.298537535,0.246895837,0.301249832,,,,,
,,,0.172039155,0.343388288,0.307411536,0.298868728,0.245760788,0.301067966,,,,,
,,,0.170776026,0.179787402,0.306752811,0.298591091,0.245629453,0.301139378,,,,,
,,,0.154836106,0.195680991,0.30069933,0.298635116,0.252268137,0.301078589,,,,,
,,,0.154194107,0.18119309,0.30657007,0.244561934,0.245658705,0.301909986,,,,,
,,,0.15818716,0.266411708,0.336240932,0.29891878,0.245642252,0.291398947,,,,,
,,,0.156613766,0.339952725,0.257082256,0.244715537,0.245595684,0.338977653,,,,,
,,,0.158335631,0.18335527,0.307094004,0.299323754,0.247656492,0.304848832,,,,,
,,,0.170855789,0.179825566,0.306707981,0.287417656,0.250426977,0.288334343,,,,,
,,,0.170954225,0.34334943,0.300723189,0.244715537,0.302159732,0.288789436,,,,,
,,,0.345168048,0.179787402,0.301030043,0.245178481,0.302016951,0.304999123,,,,,
,,,0.155017076,0.180091184,0.306983573,0.298900783,0.253846375,0.30289572,,,,,
,,,0.194707291,0.179310712,0.257449708,0.244782838,0.245676583,0.301752577,,,,,
,,,0.158451589,0.299423185,0.258210365,0.245732891,0.245695841,0.338063988,,,,,
,,,0.154179206,0.299888185,0.307143954,0.301754534,0.246594662,0.287929638,,,,,
,,,0.153893571,0.190589407,0.300855719,0.300740665,0.263465302,0.287978297,,,,,
,,,0.154470842,0.180568164,0.30676858,0.302007081,0.245521521,0.301925609,,,,,
,,,0.154388113,0.342955202,0.182590522,0.301582468,0.245870228,0.288316061,,,,,
,,,0.153852433,0.179787402,0.306822387,0.298734196,0.246012915,0.290160768,,,,,
,,,0.347808424,0.192860782,0.30069933,0.298577561,0.246876163,0.286582126,,,,,
,,,0.152978615,0.18527852,0.30069933,0.308330846,0.245577517,0.242794486,,,,,
,,,0.301903348,0.185333369,0.257758843,0.321891247,0.245568686,0.288151905,,,,,
,,,0.193727579,0.24098902,0.307713922,0.288014554,0.248583261,0.301843175,,,,,
,,,0.154955512,0.335918214,0.30717272,0.301667697,0.302022502,0.339363472,,,,,
,,,,0.34334943,0.306983573,0.301635166,0.307755963,0.301266934,,,,,
,,,,0.34334943,0.301058843,0.298584116,0.242171351,0.301538522,,,,,
,,,,0.183711631,0.301160027,0.30082486,0.246899652,0.303205725,,,,,
,,,,0.34334943,0.300686659,0.287700322,0.242221372,0.301118776,,,,,
,,,,0.342850759,0.297541774,0.29903745,0.243600369,0.301118776,,,,,
,,,,0.34334943,0.300856496,0.288092112,0.242607609,0.301083749,,,,,
,,,,0.343318991,0.300769142,0.298715732,0.307687793,0.301075793,,,,,
,,,,0.179610144,0.306193145,0.298742439,0.242291463,0.306485926,,,,,
,,,,0.297599267,0.306964733,0.299151337,0.292685604,0.305981269,,,,,
,,,,0.335409221,0.301089619,0.28749213,0.245642252,0.299900637,,,,,
,,,,0.343053449,0.30028744,0.288416925,0.24221753,0.300819874,,,,,
,,,,0.297195489,0.300619121,0.298617496,0.242395545,0.300767757,,,,,
,,,,0.343063708,0.306819195,0.29893064,0.242541918,0.313065003,,,,,
,,,,0.342714623,0.306983573,0.287547832,0.242453584,0.300756995,,,,,
,,,,0.299763963,0.306343634,0.298734196,0.243131388,0.314204124,,,,,
,,,,0.343689403,0.306732012,0.298734196,0.243091084,0.304954543,,,,,
,,,,0.300609073,0.188374329,0.299541521,0.243949955,0.305476031,,,,,
,,,,0.335409221,0.307007006,0.287704861,0.246808523,0.306120075,,,,,
,,,,0.300137902,0.306441202,0.298272396,0.246932574,0.319992463,,,,,
,,,,0.299520675,0.298867572,0.28765159,0.243196911,0.313005693,,,,,
,,,,0.179787402,0.300715034,0.299868674,0.242901477,0.300819874,,,,,
,,,,0.179787402,0.301548993,0.287631099,0.242367928,0.300536358,,,,,
,,,,0.197588504,0.20129874,0.287851185,0.242375561,0.300967722,,,,,
,,,,0.306601266,0.344995296,0.298262429,0.242323832,0.30084071,,,,,
,,,,0.343588253,0.257486283,0.298384791,0.242323832,0.306358153,,,,,
,,,,0.299948248,0.300979182,0.298734196,0.245841087,0.300049844,,,,,
,,,,0.34334943,0.194571666,0.300826368,0.21626537,0.300074794,,,,,
,,,,0.297977046,0.257302579,0.299044863,0.245701908,0.305802662,,,,,
,,,,0.300008909,0.257188094,0.299191155,0.242222914,0.300699272,,,,,
,,,,0.342565292,0.301464604,0.301209332,0.242344655,0.303216194,,,,,
,,,,0.341547459,0.258650601,0.287839789,0.242461841,0.310836666,,,,,
,,,,0.300060819,0.200849372,0.29985435,0.256511759,0.302021883,,,,,
,,,,0.304751249,0.201040934,0.329120955,0.243264408,0.300835993,,,,,
,,,,0.302442791,0.257398933,0.247532025,0.24235423,0.300793718,,,,,
,,,,0.302582615,0.300592617,0.245432512,0.242161958,0.298797041,,,,,
,,,,0.218267122,0.30060992,0.244965287,0.242369005,0.313243227,,,,,
,,,,0.258581351,0.306767312,0.245296697,0.242162034,0.300560645,,,,,
,,,,0.259562149,0.257089248,0.245687262,0.24228576,0.300093476,,,,,
,,,,0.258746415,0.301834151,0.244676098,0.245655589,0.319940814,,,,,
,,,,0.258999407,0.300515943,0.245539241,0.24285877,0.305403653,,,,,
,,,,0.182233831,0.305941773,0.244715537,0.289261612,0.312971919,,,,,
,,,,0.18119309,0.341978991,0.300353435,0.242656987,0.315679628,,,,,
,,,,0.180257625,0.291047045,0.300474685,0.247898424,0.306185587,,,,,
,,,,,0.283361094,0.244426708,0.246330971,0.298588663,,,,,
,,,,,0.313564663,0.30056256,0.246457354,0.301072198,,,,,
,,,,,0.300369824,0.300205095,0.242469127,,,,,,
,,,,,0.301844467,0.301226634,0.242485839,,,,,,
,,,,,0.282641097,0.287603525,0.242422832,,,,,,
,,,,,0.301234668,0.24740083,0.243217344,,,,,,
,,,,,0.301328661,0.247465137,0.243217344,,,,,,
,,,,,0.277928678,0.30135447,0.242101379,,,,,,
,,,,,0.300932109,0.30054843,0.242323832,,,,,,
,,,,,0.313564663,0.272814296,0.245715885,,,,,,
,,,,,0.283647505,0.300353435,0.243264414,,,,,,
,,,,,0.316600386,0.300711265,0.246665921,,,,,,
,,,,,0.338138987,0.245414498,0.246707518,,,,,,
,,,,,0.285603986,0.244715537,0.243142413,,,,,,
,,,,,0.313564663,0.245065117,0.243239263,,,,,,
,,,,,0.28586857,0.244700435,0.24321238,,,,,,
,,,,,0.290471839,0.244676098,0.243942619,,,,,,
,,,,,0.277641667,0.244840441,0.242416921,,,,,,
,,,,,0.300932109,0.247465137,0.245642252,,,,,,
,,,,,0.300591084,0.244879492,0.246700469,,,,,,
,,,,,0.301627213,0.244715537,0.242323832,,,,,,
,,,,,0.300948876,0.245397939,0.242263863,,,,,,
,,,,,0.298323261,0.24479005,0.245675669,,,,,,
,,,,,0.30069933,0.244775149,0.258899442,,,,,,
,,,,,0.30069933,0.247532025,0.242313004,,,,,,
,,,,,0.301374399,0.248147583,0.24484268,,,,,,
,,,,,0.30069933,0.300215898,0.245657395,,,,,,
,,,,,0.300613829,0.24483753,0.24230396,,,,,,
,,,,,0.30170398,0.245101115,0.246121571,,,,,,
,,,,,0.301512114,0.300711265,0.243069871,,,,,,
,,,,,0.30069933,0.300826529,0.242360519,,,,,,
,,,,,0.300738758,0.247476271,0.242823349,,,,,,
,,,,,0.288411789,0.300711265,0.243719436,,,,,,
,,,,,0.300121051,0.300711265,0.242230464,,,,,,
,,,,,0.300823299,0.287692429,0.243513788,,,,,,
,,,,,0.300554395,0.245732891,0.252117535,,,,,,
,,,,,0.30069933,0.244676098,0.242423991,,,,,,
,,,,,0.300917843,0.244696205,0.242323832,,,,,,
,,,,,0.30069933,0.287694786,0.242323832,,,,,,
,,,,,0.300658548,0.287438859,0.242323832,,,,,,
,,,,,0.30069933,0.246029629,0.242323832,,,,,,
,,,,,0.301023871,0.24598619,0.242338333,,,,,,
,,,,,0.301020151,0.24456557,0.242323832,,,,,,
,,,,,0.300508618,0.246279824,0.242385624,,,,,,
,,,,,0.30069933,0.247519979,0.245581986,,,,,,
,,,,,0.30033599,0.244715537,0.243272493,,,,,,
,,,,,0.299868684,0.248821414,0.24572446,,,,,,
,,,,,0.300721619,0.244742065,0.242500535,,,,,,
,,,,,0.300747599,0.303004392,0.243538368,,,,,,
,,,,,0.300848994,0.297535509,0.243468916,,,,,,
,,,,,0.30069933,0.243360892,0.242198098,,,,,,
,,,,,0.290438144,0.30083718,0.242690274,,,,,,
,,,,,0.300936181,0.315198612,0.243091084,,,,,,
,,,,,0.305499694,0.243360892,0.243217344,,,,,,
,,,,,0.300644329,0.296572903,0.245718111,,,,,,
,,,,,0.301627213,0.314121521,0.242295564,,,,,,
,,,,,0.30069933,0.243360892,0.244813727,,,,,,
,,,,,0.300758358,0.29602275,0.242323832,,,,,,
,,,,,0.3000159,0.258345574,0.242306192,,,,,,
,,,,,0.301096475,0.265295433,0.289261612,,,,,,
,,,,,0.30069933,0.326296677,0.244718843,,,,,,
,,,,,0.30069933,0.261592008,0.246975235,,,,,,
,,,,,0.300557117,0.247465137,0.242363699,,,,,,
,,,,,0.303410643,0.296009761,0.246153463,,,,,,
,,,,,0.301392979,0.243825184,0.245931832,,,,,,
,,,,,0.2994075,0.246039586,0.242536224,,,,,,
,,,,,0.300945346,0.265012052,0.245628605,,,,,,
,,,,,0.30030435,0.258345574,0.245642252,,,,,,
,,,,,0.302058751,0.2434285,0.245642252,,,,,,
,,,,,0.298137577,0.247465137,0.246060032,,,,,,
,,,,,0.299320657,0.300711265,0.245642252,,,,,,
,,,,,0.300650412,0.246970551,0.242365762,,,,,,
,,,,,0.300691226,0.244768417,0.242403686,,,,,,
,,,,,0.30763011,0.244753073,0.242323832,,,,,,
,,,,,0.301574308,0.244949623,0.242818834,,,,,,
,,,,,0.300771375,0.247313235,0.243981877,,,,,,
,,,,,0.30069933,0.244715537,0.242323832,,,,,,
,,,,,0.301181343,0.244715537,0.242323832,,,,,,
,,,,,0.301888117,0.245732891,0.242229963,,,,,,
,,,,,0.287972978,0.245732891,0.259672746,,,,,,
,,,,,0.300620736,0.245851075,0.242514439,,,,,,
,,,,,0.30069933,0.245839449,0.244013299,,,,,,
,,,,,0.300975148,0.245780233,0.243145517,,,,,,
,,,,,0.200766722,0.245635355,0.243418113,,,,,,
,,,,,0.300769142,0.244746892,0.242323832,,,,,,
,,,,,0.300818758,0.248515413,0.242927396,,,,,,
,,,,,0.30069933,0.245732891,0.242731348,,,,,,
,,,,,0.300094504,0.247577224,0.242367418,,,,,,
,,,,,0.302118403,0.244717751,0.242224737,,,,,,
,,,,,0.2000026,0.244773684,0.242073602,,,,,,
,,,,,0.201029393,0.244715537,0.242323832,,,,,,
,,,,,0.293749681,0.244715537,0.242295189,,,,,,
,,,,,0.304931709,0.24588813,0.242653073,,,,,,
,,,,,0.30069933,0.244680925,0.248881475,,,,,,
,,,,,0.300452579,0.247492436,0.243091084,,,,,,
,,,,,0.300318576,0.244734235,0.242478995,,,,,,
,,,,,0.301217629,0.244741512,0.242440454,,,,,,
,,,,,0.30069933,0.304518921,0.243251438,,,,,,
,,,,,0.301650123,0.300440331,0.243753376,,,,,,
,,,,,0.30069933,0.300431577,0.245728988,,,,,,
,,,,,0.30069933,0.314553185,0.242399687,,,,,,
,,,,,0.336277144,0.30082486,0.242323832,,,,,,
,,,,,0.305125436,0.300270832,0.242323832,,,,,,
,,,,,0.298762856,0.301714604,0.243495874,,,,,,
,,,,,0.300533866,0.301010736,0.242407623,,,,,,
,,,,,0.299256909,0.301130166,0.261063773,,,,,,
,,,,,0.30109152,0.302101824,0.242509634,,,,,,
,,,,,0.302472039,0.302553159,0.245642252,,,,,,
,,,,,0.289315874,0.302405011,0.245819216,,,,,,
,,,,,0.30077835,0.330785815,0.242323832,,,,,,
,,,,,0.30122292,0.300041263,0.302474824,,,,,,
,,,,,0.30069933,0.303470411,0.24486884,,,,,,
,,,,,0.300798528,0.288966963,0.242306192,,,,,,
,,,,,0.300829533,0.300711265,0.245123414,,,,,,
,,,,,0.300779905,0.300866551,0.247635649,,,,,,
,,,,,0.300889065,0.301701661,0.242330322,,,,,,
,,,,,0.301150025,0.301641079,0.294547707,,,,,,
,,,,,0.30069933,0.300711265,0.248689412,,,,,,
,,,,,0.30069933,0.300711265,0.245642252,,,,,,
,,,,,0.299368793,0.293850647,0.242886978,,,,,,
,,,,,0.301437708,0.300568652,0.243012004,,,,,,
,,,,,0.3007205,0.300551976,0.245635574,,,,,,
,,,,,0.28834751,0.30050787,0.248550202,,,,,,
,,,,,0.30069933,0.30078835,0.242383418,,,,,,
,,,,,0.30069933,0.287840332,0.242314875,,,,,,
,,,,,0.301406708,0.299469744,0.242323832,,,,,,
,,,,,0.300723408,0.300661662,0.24235279,,,,,,
,,,,,0.299907779,0.298496784,0.246272171,,,,,,
,,,,,0.30487046,0.299438579,0.24268924,,,,,,
,,,,,0.300351049,0.299407517,0.242392679,,,,,,
,,,,,0.301552507,0.300850282,0.242565924,,,,,,
,,,,,0.300984688,0.301641079,0.242204501,,,,,,
,,,,,0.300969349,0.300879281,0.244069371,,,,,,
,,,,,0.298504309,0.288574277,0.245022952,,,,,,
,,,,,0.303476417,0.30089441,0.245642252,,,,,,
,,,,,0.300731532,0.300620645,0.248689412,,,,,,
,,,,,0.295635612,0.301216227,0.246537771,,,,,,
,,,,,0.3007205,0.300246798,0.242348018,,,,,,
,,,,,0.300770998,0.301498404,0.254697963,,,,,,
,,,,,0.302135976,0.301452805,0.242323832,,,,,,
,,,,,0.300094504,0.29857677,0.245535639,,,,,,
,,,,,0.301526259,0.305009387,0.243729986,,,,,,
,,,,,0.30069933,0.288643544,0.242349244,,,,,,
,,,,,0.299297497,0.300711265,0.24235436,,,,,,
,,,,,0.301174094,0.300645622,0.246987624,,,,,,
,,,,,0.300773712,0.299982832,0.245642252,,,,,,
,,,,,0.317315005,0.300818893,0.242459809,,,,,,
,,,,,0.301177333,0.300732115,0.244517741,,,,,,
,,,,,0.300523352,0.300976665,0.242419991,,,,,,
,,,,,0.300984688,0.300711265,0.24231721,,,,,,
,,,,,0.301914944,0.29989776,0.250582274,,,,,,
,,,,,0.301050673,0.298315066,0.244129949,,,,,,
,,,,,0.20220213,0.300893082,0.289457361,,,,,,
,,,,,0.30069933,0.300493869,0.292078825,,,,,,
,,,,,0.301442638,0.30093499,0.244555237,,,,,,
,,,,,0.297410249,0.300711265,0.244801797,,,,,,
,,,,,0.30139242,0.304773761,0.219941271,,,,,,
,,,,,0.300328259,0.290319102,0.245683299,,,,,,
,,,,,0.300573299,0.298486137,0.243058551,,,,,,
,,,,,0.288364758,0.299486624,0.240424069,,,,,,
,,,,,0.301048855,0.300207186,0.242367928,,,,,,
,,,,,0.30069933,0.300945148,0.242961431,,,,,,
,,,,,0.288208407,0.301318128,0.24486884,,,,,,
,,,,,0.300153457,0.298084363,0.246999955,,,,,,
,,,,,0.300839771,0.300563426,0.242368482,,,,,,
,,,,,0.300605063,0.300815415,0.289340784,,,,,,
,,,,,0.300956568,0.300706075,0.246552963,,,,,,
,,,,,0.301494581,0.288486714,0.242450628,,,,,,
,,,,,0.300331937,0.301342053,0.242586619,,,,,,
,,,,,0.30069933,0.301657737,0.242366634,,,,,,
,,,,,0.289193322,0.247532025,0.245557091,,,,,,
,,,,,0.299852684,0.287885899,0.246263195,,,,,,
,,,,,0.298701365,0.287988213,0.24029969,,,,,,
,,,,,0.30095545,0.288483379,0.245085959,,,,,,
,,,,,0.301566969,0.318581964,0.247062528,,,,,,
,,,,,0.301399595,0.245682881,0.245764271,,,,,,
,,,,,0.300482847,0.287812747,0.253549023,,,,,,
,,,,,0.301020454,0.293336716,0.246330971,,,,,,
,,,,,0.289606883,0.293357753,0.242942872,,,,,,
,,,,,0.301301775,0.303661609,0.242291028,,,,,,
,,,,,0.301045065,0.293573422,0.242286359,,,,,,
,,,,,0.301111849,0.301797529,0.242483451,,,,,,
,,,,,0.300428858,0.245626374,0.242505187,,,,,,
,,,,,0.305828462,0.24646367,0.243235917,,,,,,
,,,,,0.30069933,0.244565665,0.243098333,,,,,,
,,,,,0.300710668,0.244715537,0.243217344,,,,,,
,,,,,0.301356182,0.301436083,0.213243448,,,,,,
,,,,,0.29917959,0.287744985,0.213413798,,,,,,
,,,,,0.300586517,0.29930681,0.245493673,,,,,,
,,,,,0.299632204,0.300796168,0.21626537,,,,,,
,,,,,0.30033599,0.29857677,0.242392679,,,,,,
,,,,,0.300587627,0.300784005,0.24230664,,,,,,
,,,,,0.301672775,0.245005791,0.25958532,,,,,,
,,,,,0.300219538,0.244715537,0.243925373,,,,,,
,,,,,0.3123678,0.244715537,0.242312445,,,,,,
,,,,,0.30069933,0.258040301,0.243929689,,,,,,
,,,,,0.301464604,0.300739591,0.291860839,,,,,,
,,,,,0.306736858,0.29746404,0.243217344,,,,,,
,,,,,0.306822387,0.300163077,0.295563558,,,,,,
,,,,,0.30069933,0.301140371,0.242357844,,,,,,
,,,,,0.300403564,0.300797198,0.245091785,,,,,,
,,,,,0.30069933,0.300002804,0.242085745,,,,,,
,,,,,0.299954751,0.300711265,0.242323832,,,,,,
,,,,,0.294051762,0.302183761,0.242500641,,,,,,
,,,,,0.30069933,0.287744985,0.245656508,,,,,,
,,,,,0.301126972,0.300711265,0.245388667,,,,,,
,,,,,0.300681804,0.300711265,0.242570274,,,,,,
,,,,,0.300530576,0.302784627,0.245565408,,,,,,
,,,,,0.30069933,0.300298751,0.242323832,,,,,,
,,,,,0.300763978,0.300711265,0.242323832,,,,,,
,,,,,0.300947359,0.300711265,0.243156268,,,,,,
,,,,,0.300780089,0.301536838,0.242323832,,,,,,
,,,,,0.30069933,0.301453612,0.242323832,,,,,,
,,,,,0.30069933,0.299148823,0.242323832,,,,,,
,,,,,0.296869942,0.30215076,0.242439785,,,,,,
,,,,,0.300238598,0.300744632,0.245673451,,,,,,
,,,,,0.30069933,0.301133612,0.246203427,,,,,,
,,,,,0.30069933,0.300716291,0.246014,,,,,,
,,,,,0.301708025,0.300275435,0.242880691,,,,,,
,,,,,0.300862144,0.29857677,0.240682535,,,,,,
,,,,,0.301233345,0.30030119,0.303004528,,,,,,
,,,,,0.298851814,0.300756663,0.247226964,,,,,,
,,,,,0.30069933,0.300754979,0.245642252,,,,,,
,,,,,0.200939052,0.300557599,0.243522656,,,,,,
,,,,,0.200984852,0.301474552,0.245648282,,,,,,
,,,,,0.301840587,0.307144764,0.245864328,,,,,,
,,,,,0.300941696,0.287460903,0.245642252,,,,,,
,,,,,0.292402247,0.300711265,0.245862985,,,,,,
,,,,,0.30069933,0.300711265,0.289261612,,,,,,
,,,,,0.302185056,0.301062689,0.245642252,,,,,,
,,,,,0.300291927,0.301086891,0.245343686,,,,,,
,,,,,0.30225096,0.301555511,0.245813387,,,,,,
,,,,,0.313179908,0.29857677,0.262629881,,,,,,
,,,,,0.300708949,0.298754838,0.248887996,,,,,,
,,,,,0.295890869,0.301216227,0.242420812,,,,,,
,,,,,0.300552135,0.300974572,0.242247329,,,,,,
,,,,,0.296606048,0.300711265,0.246861215,,,,,,
,,,,,0.300656513,0.301088825,0.245765238,,,,,,
,,,,,0.300641571,0.301383434,0.248270194,,,,,,
,,,,,0.298393061,0.301103194,0.242416921,,,,,,
,,,,,0.299778269,0.300711265,0.242466635,,,,,,
,,,,,0.300514803,0.300820801,0.242861723,,,,,,
,,,,,0.299859106,0.295463142,0.242535666,,,,,,
,,,,,0.302322044,0.287706272,0.242353882,,,,,,
,,,,,0.300924278,0.293575091,0.246665921,,,,,,
,,,,,0.299985018,0.293162786,0.243200067,,,,,,
,,,,,0.300837434,0.293108493,0.242245552,,,,,,
,,,,,0.30069933,0.300965245,0.247364594,,,,,,
,,,,,0.298260706,0.303469725,0.246665921,,,,,,
,,,,,0.300452579,0.30102404,0.243254482,,,,,,
,,,,,0.301542221,0.29284277,0.243349336,,,,,,
,,,,,0.300627116,0.301863539,0.242434893,,,,,,
,,,,,0.288281534,0.300711265,0.214208513,,,,,,
,,,,,0.288409131,0.299958376,0.246754018,,,,,,
,,,,,0.300862189,0.287744985,0.242405493,,,,,,
,,,,,0.30095566,0.300526478,0.243050326,,,,,,
,,,,,0.301854478,0.301237925,0.217446087,,,,,,
,,,,,0.300918524,0.287809764,0.243872553,,,,,,
,,,,,0.28834751,0.300506502,0.244991934,,,,,,
,,,,,0.301108194,0.308957797,0.242323832,,,,,,
,,,,,0.301223981,0.300711265,0.2421607,,,,,,
,,,,,0.300472906,0.300902382,0.245361791,,,,,,
,,,,,0.30057574,0.300787798,0.242360042,,,,,,
,,,,,0.30069933,0.287415777,0.242279991,,,,,,
,,,,,0.300210754,0.300978279,0.248689412,,,,,,
,,,,,0.301193754,0.300404574,0.243768856,,,,,,
,,,,,0.300838429,0.287674736,0.246134433,,,,,,
,,,,,0.30069933,0.300711265,0.242161958,,,,,,
,,,,,0.300940805,0.304974581,0.249122162,,,,,,
,,,,,0.300670642,0.300856979,0.244929701,,,,,,
,,,,,0.300372487,0.301351447,0.244865464,,,,,,
,,,,,0.300366375,0.300711265,0.242496274,,,,,,
,,,,,0.300679636,0.303737683,0.242323832,,,,,,
,,,,,0.306822387,0.287662206,0.245504915,,,,,,
,,,,,0.302551152,0.304371777,0.217443263,,,,,,
,,,,,0.30069933,0.306437503,0.242321225,,,,,,
,,,,,0.288349135,0.300710232,0.242323832,,,,,,
,,,,,0.30069933,0.288159942,0.21626537,,,,,,
,,,,,0.300199119,0.298665778,0.243269907,,,,,,
,,,,,0.302422719,0.288100709,0.248015437,,,,,,
,,,,,0.299996585,0.300668726,0.243270981,,,,,,
,,,,,0.301481464,0.287744985,0.212594402,,,,,,
,,,,,0.300381066,0.301210763,0.242206343,,,,,,
,,,,,0.300461521,0.301740959,0.243069712,,,,,,
,,,,,0.300720096,0.300711265,0.243981877,,,,,,
,,,,,0.300863407,0.298628296,0.243853542,,,,,,
,,,,,0.300117519,0.301318128,0.242323832,,,,,,
,,,,,0.30069933,0.297401863,0.243698382,,,,,,
,,,,,0.30069933,0.301712848,0.250815667,,,,,,
,,,,,0.300686439,0.287547832,0.246060032,,,,,,
,,,,,0.305587351,0.300688183,0.243140952,,,,,,
,,,,,0.306506282,0.300682823,0.243217344,,,,,,
,,,,,0.300761561,0.287744985,0.242268789,,,,,,
,,,,,0.300481783,0.300711265,0.242354511,,,,,,
,,,,,0.301554974,0.300363569,0.251611115,,,,,,
,,,,,0.307038213,0.301992354,0.242645258,,,,,,
,,,,,0.300686439,0.301195079,0.246013796,,,,,,
,,,,,0.305901041,0.301536785,0.2426345,,,,,,
,,,,,0.300711132,0.301115126,0.245642252,,,,,,
,,,,,0.29816657,0.301172166,0.242323832,,,,,,
,,,,,0.302661711,0.300935914,0.247633128,,,,,,
,,,,,0.300310446,0.301765197,0.245080523,,,,,,
,,,,,0.300895108,0.299409294,0.242474143,,,,,,
,,,,,0.300876062,0.300480725,0.242395742,,,,,,
,,,,,0.300737005,0.300402966,0.245868164,,,,,,
,,,,,0.301882945,0.301259382,0.24567893,,,,,,
,,,,,0.301997349,0.301644312,0.244933101,,,,,,
,,,,,0.30021793,0.293357753,0.243085039,,,,,,
,,,,,0.30080666,0.301641079,0.241932088,,,,,,
,,,,,0.300895098,0.303865024,0.244752337,,,,,,
,,,,,0.300838014,0.288088739,0.246150137,,,,,,
,,,,,0.300910416,0.287874007,0.241833024,,,,,,
,,,,,0.302032383,0.298896505,0.245611502,,,,,,
,,,,,0.301502315,0.319067597,0.245656186,,,,,,
,,,,,0.244686606,0.290415594,0.242360519,,,,,,
,,,,,0.297738777,0.307144764,0.245642252,,,,,,
,,,,,0.301461533,0.301058613,0.243915975,,,,,,
,,,,,0.30069933,0.301243515,0.245642252,,,,,,
,,,,,0.299997879,0.300932245,0.245666882,,,,,,
,,,,,0.302549843,0.300733743,0.242825406,,,,,,
,,,,,0.301019062,0.301139129,0.248742636,,,,,,
,,,,,0.301101524,0.30076385,0.242273589,,,,,,
,,,,,0.301913111,0.291360566,0.242352768,,,,,,
,,,,,0.300097873,0.300907136,0.245615731,,,,,,
,,,,,0.296048608,0.301303902,0.24245892,,,,,,
,,,,,0.30069933,0.299909022,0.246961237,,,,,,
,,,,,0.302551152,0.300711265,0.245642252,,,,,,
,,,,,0.297541774,0.301351447,0.306989423,,,,,,
,,,,,0.301854026,0.300711265,0.242433714,,,,,,
,,,,,0.343885236,0.300781782,0.245700295,,,,,,
,,,,,0.301018755,0.300167838,0.246344732,,,,,,
,,,,,0.301018755,0.300717242,0.242577179,,,,,,
,,,,,0.301131873,0.301140257,0.243217344,,,,,,
,,,,,0.305332965,0.298188684,0.242323832,,,,,,
,,,,,0.30069933,0.300570276,0.24222798,,,,,,
,,,,,0.344799568,0.30054843,0.242391734,,,,,,
,,,,,0.300851757,0.297401863,0.246090284,,,,,,
,,,,,0.34476931,0.300800095,0.245902861,,,,,,
,,,,,0.301014618,0.301383207,0.245627409,,,,,,
,,,,,0.30697713,0.301579536,0.242282622,,,,,,
,,,,,0.302356775,0.300920137,0.243076521,,,,,,
,,,,,0.200849372,0.300711265,0.248953092,,,,,,
,,,,,0.300964217,0.300711265,0.24567738,,,,,,
,,,,,0.299226531,0.300775633,0.246564478,,,,,,
,,,,,0.220052283,0.300633891,0.242323832,,,,,,
,,,,,0.308986628,0.300725536,0.242215579,,,,,,
,,,,,0.301365702,0.29736194,0.249366973,,,,,,
,,,,,0.302154783,0.287798755,0.245586524,,,,,,
,,,,,0.338457683,0.30199885,0.24917384,,,,,,
,,,,,0.21992914,0.297401863,0.242504923,,,,,,
,,,,,0.207292338,0.296569613,0.245642252,,,,,,
,,,,,,0.304079505,0.246864385,,,,,,
,,,,,,0.29945628,0.246530557,,,,,,
,,,,,,0.301515903,0.253293942,,,,,,
,,,,,,0.300711265,0.24228721,,,,,,
,,,,,,0.301258616,0.247174539,,,,,,
,,,,,,0.318176252,0.246795111,,,,,,
,,,,,,0.245133246,0.246111939,,,,,,
,,,,,,0.247388859,0.24236884,,,,,,
,,,,,,0.246109769,0.203527168,,,,,,
,,,,,,0.288643544,0.242323832,,,,,,
,,,,,,0.287771457,0.245642252,,,,,,
,,,,,,0.245936653,0.242323832,,,,,,
,,,,,,0.244715537,0.243222965,,,,,,
,,,,,,0.244654693,0.242323832,,,,,,
,,,,,,0.244676098,0.245653908,,,,,,
,,,,,,0.244755299,0.248689412,,,,,,
,,,,,,0.287824087,0.243217344,,,,,,
,,,,,,0.301877935,0.245752218,,,,,,
,,,,,,0.287224694,0.254455921,,,,,,
,,,,,,0.300637766,0.242336287,,,,,,
,,,,,,0.30026231,0.242682997,,,,,,
,,,,,,0.300963703,0.245731358,,,,,,
,,,,,,0.300388553,0.242843125,,,,,,
,,,,,,0.244674546,0.243570611,,,,,,
,,,,,,0.244633612,0.243743127,,,,,,
,,,,,,0.245804848,0.242834296,,,,,,
,,,,,,0.245275381,0.246665921,,,,,,
,,,,,,0.245171196,0.244936933,,,,,,
,,,,,,0.300711265,0.245779324,,,,,,
,,,,,,0.246615547,0.243435039,,,,,,
,,,,,,0.301780941,0.242500556,,,,,,
,,,,,,0.245001991,0.245734493,,,,,,
,,,,,,0.288226749,0.245289653,,,,,,
,,,,,,0.287503912,0.242369005,,,,,,
,,,,,,0.245546727,0.242323832,,,,,,
,,,,,,0.287939838,0.246733076,,,,,,
,,,,,,0.249474207,0.243387494,,,,,,
,,,,,,0.244715537,0.242161958,,,,,,
,,,,,,0.24742969,0.246808523,,,,,,
,,,,,,0.244715537,0.246907764,,,,,,
,,,,,,0.298292233,0.248937284,,,,,,
,,,,,,0.244619723,0.244101439,,,,,,
,,,,,,0.244845493,0.242215579,,,,,,
,,,,,,0.245104114,0.242332117,,,,,,
,,,,,,0.247511619,0.245184791,,,,,,
,,,,,,0.244715537,0.245689883,,,,,,
,,,,,,0.244790341,0.24672223,,,,,,
,,,,,,0.247862044,0.245686405,,,,,,
,,,,,,0.247465137,0.245642252,,,,,,
,,,,,,0.245284845,0.245642252,,,,,,
,,,,,,0.289075343,0.245527204,,,,,,
,,,,,,0.311551692,0.245642252,,,,,,
,,,,,,0.29857677,0.245836755,,,,,,
,,,,,,0.245732891,0.243419864,,,,,,
,,,,,,0.245229953,0.2437905,,,,,,
,,,,,,0.244843451,0.24234262,,,,,,
,,,,,,0.250811733,0.245629453,,,,,,
,,,,,,0.244715537,0.2457016,,,,,,
,,,,,,0.247322868,0.245642252,,,,,,
,,,,,,0.244725525,0.247892165,,,,,,
,,,,,,0.244812751,0.24701512,,,,,,
,,,,,,0.244831916,0.245591732,,,,,,
,,,,,,0.30104336,0.248749189,,,,,,
,,,,,,0.300353435,0.242268377,,,,,,
,,,,,,0.287597371,0.245731582,,,,,,
,,,,,,0.244691394,0.242447276,,,,,,
,,,,,,0.305278258,0.244905999,,,,,,
,,,,,,0.29815908,0.242515762,,,,,,
,,,,,,0.287198366,0.243139894,,,,,,
,,,,,,0.244711516,0.242332117,,,,,,
,,,,,,0.298866227,0.243262348,,,,,,
,,,,,,0.287744985,0.248279596,,,,,,
,,,,,,0.287744985,0.249224336,,,,,,
,,,,,,0.244742149,0.246040639,,,,,,
,,,,,,0.244878017,0.245699232,,,,,,
,,,,,,0.244913378,0.24606164,,,,,,
,,,,,,0.247465137,0.245642252,,,,,,
,,,,,,0.247912228,0.242485184,,,,,,
,,,,,,0.245022886,0.245544503,,,,,,
,,,,,,0.30116145,0.243569215,,,,,,
,,,,,,0.300912283,0.243272493,,,,,,
,,,,,,0.244676098,0.245708383,,,,,,
,,,,,,0.244618301,0.245642252,,,,,,
,,,,,,0.244715537,0.242490334,,,,,,
,,,,,,0.299167381,0.245583449,,,,,,
,,,,,,0.248481946,0.250249482,,,,,,
,,,,,,0.27233825,0.242450668,,,,,,
,,,,,,0.245687262,0.244030346,,,,,,
,,,,,,0.277916082,0.24252561,,,,,,
,,,,,,0.244873078,0.246694427,,,,,,
,,,,,,0.221356454,0.242255329,,,,,,
,,,,,,0.21890131,0.244426746,,,,,,
,,,,,,0.287744985,0.242381413,,,,,,
,,,,,,0.247685628,0.243002968,,,,,,
,,,,,,0.244671921,0.246246757,,,,,,
,,,,,,0.301278623,0.242890885,,,,,,
,,,,,,0.244676098,0.243412544,,,,,,
,,,,,,0.24514481,0.242961431,,,,,,
,,,,,,0.24465568,0.242384308,,,,,,
,,,,,,0.244701462,0.245642252,,,,,,
,,,,,,0.247465137,0.245613101,,,,,,
,,,,,,0.247933998,0.242201532,,,,,,
,,,,,,0.244715537,0.243297144,,,,,,
,,,,,,0.247555526,0.251938908,,,,,,
,,,,,,0.245006515,0.243621114,,,,,,
,,,,,,0.244699333,0.242285326,,,,,,
,,,,,,0.244715537,0.242336597,,,,,,
,,,,,,0.244715537,0.242751347,,,,,,
,,,,,,0.244715537,0.243944016,,,,,,
,,,,,,0.247465137,0.24539653,,,,,,
,,,,,,0.245477783,0.245583449,,,,,,
,,,,,,0.247465137,0.245757669,,,,,,
,,,,,,0.247842199,0.244906784,,,,,,
,,,,,,0.247465137,0.246403844,,,,,,
,,,,,,0.247801749,0.242323832,,,,,,
,,,,,,0.24579937,0.246309413,,,,,,
,,,,,,0.244715537,0.245671458,,,,,,
,,,,,,0.245466445,0.242499769,,,,,,
,,,,,,0.245275381,0.2467398,,,,,,
,,,,,,0.244371108,0.245156066,,,,,,
,,,,,,0.24494255,0.243091084,,,,,,
,,,,,,0.24475545,0.243538368,,,,,,
,,,,,,0.24447208,0.288990227,,,,,,
,,,,,,0.244715537,0.242323832,,,,,,
,,,,,,0.247465137,0.245655041,,,,,,
,,,,,,0.244666688,0.242433847,,,,,,
,,,,,,0.244715537,0.242323832,,,,,,
,,,,,,0.244777499,0.242208484,,,,,,
,,,,,,0.244565665,0.242011254,,,,,,
,,,,,,0.244827358,0.242165128,,,,,,
,,,,,,0.24552512,0.244032303,,,,,,
,,,,,,0.244724249,0.242349296,,,,,,
,,,,,,0.24522154,0.245662629,,,,,,
,,,,,,0.244676098,0.245314475,,,,,,
,,,,,,0.245095761,0.246075113,,,,,,
,,,,,,0.244715537,0.242367043,,,,,,
,,,,,,0.244715537,0.24621708,,,,,,
,,,,,,0.244715537,0.242459566,,,,,,
,,,,,,0.244768027,0.246749807,,,,,,
,,,,,,0.245641308,0.245868164,,,,,,
,,,,,,0.244942864,0.245774532,,,,,,
,,,,,,0.244797596,0.243989245,,,,,,
,,,,,,0.244872594,0.24415953,,,,,,
,,,,,,0.251025711,0.253238312,,,,,,
,,,,,,0.244711516,0.245416042,,,,,,
,,,,,,0.244715537,0.243232877,,,,,,
,,,,,,0.250790865,0.299702413,,,,,,
,,,,,,0.244715537,0.302584336,,,,,,
,,,,,,0.24811985,0.245252954,,,,,,
,,,,,,0.246175732,0.242204501,,,,,,
,,,,,,0.246474958,0.242326658,,,,,,
,,,,,,0.245189317,0.251502608,,,,,,
,,,,,,0.245507583,0.243091084,,,,,,
,,,,,,0.247504939,0.246996081,,,,,,
,,,,,,0.244665887,0.24597842,,,,,,
,,,,,,0.244549703,0.247144649,,,,,,
,,,,,,0.247473219,0.242552839,,,,,,
,,,,,,0.244842127,0.243217344,,,,,,
,,,,,,0.245177791,0.246665921,,,,,,
,,,,,,0.24817373,0.307634147,,,,,,
,,,,,,0.288496603,0.287702198,,,,,,
,,,,,,0.289064361,0.246665921,,,,,,
,,,,,,0.250672764,0.246876203,,,,,,
,,,,,,0.244715537,0.242714114,,,,,,
,,,,,,0.244790056,0.304374983,,,,,,
,,,,,,0.244715537,0.302159732,,,,,,
,,,,,,0.244779488,0.250530563,,,,,,
,,,,,,0.250484687,0.248771318,,,,,,
,,,,,,0.245718633,0.243391044,,,,,,
,,,,,,0.245194087,0.242300343,,,,,,
,,,,,,0.245927228,0.250249482,,,,,,
,,,,,,0.244812751,0.2432765,,,,,,
,,,,,,0.247743477,0.242387396,,,,,,
,,,,,,0.244880056,0.242395952,,,,,,
,,,,,,0.244715537,0.249371353,,,,,,
,,,,,,0.244883537,0.250815667,,,,,,
,,,,,,0.244715537,0.243269907,,,,,,
,,,,,,0.244769207,0.249214372,,,,,,
,,,,,,0.244717674,0.244718843,,,,,,
,,,,,,0.242506199,0.251611115,,,,,,
,,,,,,0.245561755,0.245242554,,,,,,
,,,,,,0.249363565,0.246706715,,,,,,
,,,,,,0.244792443,0.246665921,,,,,,
,,,,,,0.24603531,0.24567738,,,,,,
,,,,,,0.244715537,0.245248295,,,,,,
,,,,,,0.244756262,0.243477584,,,,,,
,,,,,,0.247465137,0.2456699,,,,,,
,,,,,,0.244733301,0.263194072,,,,,,
,,,,,,0.24572557,0.249295119,,,,,,
,,,,,,0.245448132,0.247571075,,,,,,
,,,,,,0.246016789,0.250068575,,,,,,
,,,,,,0.245178481,0.246659145,,,,,,
,,,,,,0.246996321,0.245638098,,,,,,
,,,,,,0.252417626,0.287608108,,,,,,
,,,,,,0.244666331,0.246700469,,,,,,
,,,,,,0.244715537,0.245642252,,,,,,
,,,,,,0.247647143,0.281754538,,,,,,
,,,,,,0.247519212,0.246879703,,,,,,
,,,,,,0.247602129,0.256194282,,,,,,
,,,,,,0.247611819,0.288765412,,,,,,
,,,,,,0.247465137,0.289050955,,,,,,
,,,,,,0.252362458,0.265138094,,,,,,
,,,,,,0.250242984,0.248478911,,,,,,
,,,,,,0.244622405,0.26433278,,,,,,
,,,,,,0.248043628,0.242600292,,,,,,
,,,,,,0.247302841,0.242885037,,,,,,
,,,,,,0.21865635,0.245642252,,,,,,
,,,,,,0.244610054,0.243220193,,,,,,
,,,,,,0.244758781,0.245714214,,,,,,
,,,,,,0.24475968,0.242323832,,,,,,
,,,,,,0.244715537,0.29230326,,,,,,
,,,,,,0.244715537,0.243219318,,,,,,
,,,,,,0.244715537,0.242373651,,,,,,
,,,,,,0.244772833,0.24415032,,,,,,
,,,,,,0.244715537,0.242323832,,,,,,
,,,,,,0.244523704,0.242323832,,,,,,
,,,,,,0.212122068,0.246344117,,,,,,
,,,,,,0.244978128,0.246213874,,,,,,
,,,,,,0.244851251,0.247871174,,,,,,
,,,,,,0.244715537,0.302114366,,,,,,
,,,,,,0.244715537,0.242400153,,,,,,
,,,,,,0.244703007,0.3079025,,,,,,
,,,,,,0.245538065,0.242652587,,,,,,
,,,,,,0.246992581,0.247185321,,,,,,
,,,,,,0.244758371,0.242901423,,,,,,
,,,,,,0.244711875,0.243091084,,,,,,
,,,,,,0.247465137,0.24879622,,,,,,
,,,,,,0.244938494,0.242598189,,,,,,
,,,,,,0.247541219,0.242338333,,,,,,
,,,,,,0.24533715,0.243915696,,,,,,
,,,,,,0.24478649,0.21626537,,,,,,
,,,,,,0.244715537,0.242323832,,,,,,
,,,,,,0.246436272,0.261794996,,,,,,
,,,,,,0.300821776,0.243217344,,,,,,
,,,,,,0.292208166,0.243144254,,,,,,
,,,,,,0.244794661,0.242853863,,,,,,
,,,,,,0.244517694,0.242353569,,,,,,
,,,,,,0.244796402,0.244014645,,,,,,
,,,,,,0.257158955,0.245642252,,,,,,
,,,,,,0.293357753,0.244852667,,,,,,
,,,,,,0.250672764,0.245609335,,,,,,
,,,,,,0.246589385,0.307286368,,,,,,
,,,,,,0.245732891,0.24499865,,,,,,
,,,,,,0.248656196,0.246946335,,,,,,
,,,,,,0.246285258,0.244996425,,,,,,
,,,,,,0.260329759,0.246651977,,,,,,
,,,,,,0.245732891,0.244504898,,,,,,
,,,,,,0.248515413,0.307603881,,,,,,
,,,,,,0.245626374,0.242316989,,,,,,
,,,,,,0.244725666,0.242228322,,,,,,
,,,,,,0.300981098,0.24272108,,,,,,
,,,,,,0.287603405,0.242204501,,,,,,
,,,,,,0.244743598,0.242559888,,,,,,
,,,,,,0.287694786,0.307653658,,,,,,
,,,,,,0.300949689,0.243217344,,,,,,
,,,,,,0.244723967,0.242263226,,,,,,
,,,,,,0.249255763,0.24239039,,,,,,
,,,,,,0.245732891,0.243775924,,,,,,
,,,,,,0.245713241,0.243091084,,,,,,
,,,,,,0.245947277,0.242323832,,,,,,
,,,,,,0.245748243,0.242323832,,,,,,
,,,,,,0.244770889,0.242204501,,,,,,
,,,,,,0.244655531,0.246633869,,,,,,
,,,,,,0.244723967,0.243217344,,,,,,
,,,,,,0.244961507,0.243007287,,,,,,
,,,,,,0.244715537,0.245070578,,,,,,
,,,,,,0.244775105,0.245899815,,,,,,
,,,,,,0.244715537,0.242378271,,,,,,
,,,,,,0.244607556,0.242187226,,,,,,
,,,,,,0.244328966,0.242204501,,,,,,
,,,,,,0.245732891,0.245581402,,,,,,
,,,,,,0.24916671,,,,,,,
,,,,,,0.244720602,,,,,,,
,,,,,,0.25130496,,,,,,,
,,,,,,0.247878869,,,,,,,
,,,,,,0.24472913,,,,,,,
,,,,,,0.287741821,,,,,,,
,,,,,,0.287698839,,,,,,,
,,,,,,0.247645562,,,,,,,
,,,,,,0.247476271,,,,,,,
,,,,,,0.24460715,,,,,,,
,,,,,,0.245728211,,,,,,,
,,,,,,0.246078085,,,,,,,
,,,,,,0.245422271,,,,,,,
,,,,,,0.247947807,,,,,,,
,,,,,,0.244715537,,,,,,,
,,,,,,0.247429253,,,,,,,
,,,,,,0.244780695,,,,,,,
,,,,,,0.248089677,,,,,,,
,,,,,,0.2474431,,,,,,,
,,,,,,0.296151611,,,,,,,
,,,,,,0.248310062,,,,,,,
,,,,,,0.250673035,,,,,,,
,,,,,,0.244748192,,,,,,,
,,,,,,0.244800529,,,,,,,
,,,,,,0.248990632,,,,,,,
,,,,,,0.247689389,,,,,,,
,,,,,,0.247465137,,,,,,,
,,,,,,0.245455981,,,,,,,
,,,,,,0.245843924,,,,,,,
,,,,,,0.287874007,,,,,,,
,,,,,,0.300650327,,,,,,,
,,,,,,0.197819461,,,,,,,
,,,,,,0.245815643,,,,,,,
,,,,,,0.245758503,,,,,,,
,,,,,,0.244976402,,,,,,,
,,,,,,0.245697604,,,,,,,
,,,,,,0.244698327,,,,,,,
,,,,,,0.244855225,,,,,,,
,,,,,,0.244676098,,,,,,,
,,,,,,0.247652272,,,,,,,
,,,,,,0.29308924,,,,,,,
,,,,,,0.247185719,,,,,,,
,,,,,,0.304163679,,,,,,,
,,,,,,0.277557119,,,,,,,
,,,,,,0.307125392,,,,,,,
,,,,,,0.297886843,,,,,,,
,,,,,,0.247912228,,,,,,,
,,,,,,0.300632631,,,,,,,
,,,,,,0.300970242,,,,,,,
,,,,,,0.336239161,,,,,,,
,,,,,,0.300711265,,,,,,,
,,,,,,0.300247928,,,,,,,
,,,,,,0.336991604,,,,,,,
,,,,,,0.335771035,,,,,,,
,,,,,,0.297886843,,,,,,,
,,,,,,0.300594479,,,,,,,
,,,,,,0.300707512,,,,,,,
,,,,,,0.300711265,,,,,,,
,,,,,,0.259337035,,,,,,,
,,,,,,0.300711265,,,,,,,
,,,,,,0.30092002,,,,,,,
,,,,,,0.244760031,,,,,,,
,,,,,,0.305031688,,,,,,,
,,,,,,0.245646503,,,,,,,
